layer,lang_a,lang_b,point_estimate,ci_low,ci_high,ci_level,boot_std
0,english,hindi,0.22099768507655523,0.217526542654257,0.22521560933279475,0.95,0.00207771516209298
0,english,marathi,0.23669604884451653,0.2327403978813892,0.2408777607787861,0.95,0.0022535700612324053
0,english,bengali,0.24930847257846733,0.2453113275381636,0.253938321890397,0.95,0.002038696607544152
0,english,gujarati,0.27309790876030565,0.26899505025235615,0.27753246926726866,0.95,0.0023837295958066083
0,english,punjabi,0.2858926412847087,0.2814449074632497,0.29024227528710117,0.95,0.0023597510135430905
0,english,urdu,0.18024279070991747,0.1766392769156251,0.18476162501036347,0.95,0.001955007308827368
0,english,tamil,0.26328281962613737,0.2592979945513779,0.26804140125155906,0.95,0.002262795613478824
0,english,telugu,0.2997912919917056,0.2952286407568085,0.3040798901871251,0.95,0.002325210119068947
0,english,malayalam,0.272414873809671,0.2678139462518353,0.2771436047694048,0.95,0.002410828592704678
0,english,kannada,0.29964154901385565,0.2943776712772034,0.305094781534349,0.95,0.00277468803595568
0,hindi,marathi,0.01160939364876804,0.009423802218481441,0.014343520466425237,0.95,0.0013031759750316923
0,hindi,bengali,0.071306511565378,0.06961706416807752,0.07358552560007614,0.95,0.0009684229192644354
0,hindi,gujarati,0.07097212771072327,0.06886603525864649,0.07319334117264052,0.95,0.0010946230594343406
0,hindi,punjabi,0.12749985362295885,0.12526524672072636,0.13029510640734854,0.95,0.0012490793354115021
0,hindi,urdu,0.05593776238564444,0.05418067383664517,0.058134531514842464,0.95,0.0010046759503359263
0,hindi,tamil,0.06552824914218507,0.06390553644092806,0.06733505781102762,0.95,0.0008892837819286193
0,hindi,telugu,0.06755051172810779,0.06568982262237913,0.0698777698814849,0.95,0.0011560950512365413
0,hindi,malayalam,0.10464966063158797,0.10255060666989402,0.10734249307917608,0.95,0.0012559380243318864
0,hindi,kannada,0.11667313130110135,0.1141236605530076,0.12018298147059626,0.95,0.0015566117484447004
0,marathi,bengali,0.0839781129660572,0.08132927010836265,0.08693054288862095,0.95,0.0014206677745699605
0,marathi,gujarati,0.07466250755224592,0.07245821835521969,0.07692848517424448,0.95,0.0011777017974336427
0,marathi,punjabi,0.1392094150257786,0.1357583967227343,0.1420118968441182,0.95,0.001565057404461256
0,marathi,urdu,0.06974920903193235,0.06732916484150116,0.07336018830885994,0.95,0.0015193384763059824
0,marathi,tamil,0.06797501267773537,0.06565311164431517,0.07047049331535694,0.95,0.0012267722354880096
0,marathi,telugu,0.07318593731341709,0.07120931704873644,0.0753271272559866,0.95,0.0010690502966940899
0,marathi,malayalam,0.11232152543431836,0.10987939053622592,0.11513978015353968,0.95,0.0014299119984880783
0,marathi,kannada,0.11654941770728022,0.11370928753359583,0.12057076355471655,0.95,0.0017395059848300666
0,bengali,gujarati,0.05831329158829257,0.056870941699694345,0.05983861948511988,0.95,0.0007092715812902867
0,bengali,punjabi,0.13911810060225482,0.13678833903105161,0.1417061584373481,0.95,0.001263191694569633
0,bengali,urdu,0.09389359958855846,0.09184399810159632,0.09667421938479763,0.95,0.0011930897015012597
0,bengali,tamil,0.07667127957530477,0.07522982091975632,0.07826785048750753,0.95,0.0007960721694134076
0,bengali,telugu,0.07377775008159829,0.07253418911263225,0.07553031030956779,0.95,0.0007794917198741341
0,bengali,malayalam,0.07879878357857856,0.07686085534437809,0.08077922713785278,0.95,0.0010519118173759475
0,bengali,kannada,0.08985979315464684,0.08750323347156727,0.09240305312016654,0.95,0.001352634775348673
0,gujarati,punjabi,0.10889733338780208,0.10721146668428364,0.11108771535795092,0.95,0.0009899883520324585
0,gujarati,urdu,0.1212982433904263,0.11877692270684652,0.12381547757649781,0.95,0.0013150889799017687
0,gujarati,tamil,0.07802919986367003,0.07623274539559823,0.07981914020782885,0.95,0.000905647489961263
0,gujarati,telugu,0.04781833343884395,0.04703396178606139,0.049057117612246286,0.95,0.0005246508157129689
0,gujarati,malayalam,0.07829251588671512,0.07599587546251747,0.08086888097011105,0.95,0.0012005951832262415
0,gujarati,kannada,0.08316757283822702,0.08154084793721225,0.08545396296395995,0.95,0.001037640621830389
0,punjabi,urdu,0.17517481271469323,0.17286844239413135,0.17806802975966424,0.95,0.0013377063673435108
0,punjabi,tamil,0.1367636754750876,0.13525719606164985,0.13861984024356613,0.95,0.0009039207975851009
0,punjabi,telugu,0.1365823530364964,0.13458884880919894,0.1390730066143291,0.95,0.0012134083934611187
0,punjabi,malayalam,0.12349738379473399,0.12152457115275055,0.125373951092947,0.95,0.0010555180165736939
0,punjabi,kannada,0.16417008435758682,0.16146637613474468,0.16668696289424237,0.95,0.0014341128063126755
0,urdu,tamil,0.11338953598364747,0.11115296354906755,0.1161602403297846,0.95,0.0013140857400898483
0,urdu,telugu,0.1324528323621031,0.1302910999498984,0.1351852631177585,0.95,0.0012885932164230774
0,urdu,malayalam,0.14827084197629184,0.1455519830642379,0.1513449429735996,0.95,0.0015163154103019277
0,urdu,kannada,0.12869721082347604,0.12583784784975846,0.13198262879932648,0.95,0.0016207938258065646
0,tamil,telugu,0.05445469495662184,0.05304361393040474,0.05613384771996192,0.95,0.0008367050755420719
0,tamil,malayalam,0.056521277487003,0.05510300402629333,0.05831384647493705,0.95,0.0008589751158616461
0,tamil,kannada,0.08194756455438727,0.08000431336105397,0.08466815538219229,0.95,0.0011451275849729322
0,telugu,malayalam,0.07058062644996108,0.06917676358767869,0.0723627420663384,0.95,0.0008188024734978771
0,telugu,kannada,0.07786923050674123,0.07562889418179537,0.08011516232322168,0.95,0.001205338342715215
0,malayalam,kannada,0.09001700236685388,0.0875223728333972,0.09322027462481058,0.95,0.0014557563102905373
1,english,hindi,0.21927691137976285,0.21451307679089118,0.22482395860067864,0.95,0.0025354717464837954
1,english,marathi,0.2211534799696673,0.21698562652047984,0.22645437811277658,0.95,0.0025782622750820518
1,english,bengali,0.2607702396465249,0.25692332124023537,0.26520959302985336,0.95,0.0022939006164482516
1,english,gujarati,0.25511084232590103,0.25121043422356526,0.25921176630654874,0.95,0.002155012876723846
1,english,punjabi,0.223830262257877,0.21983886244045314,0.22877113279651123,0.95,0.002242337422795882
1,english,urdu,0.22730542262495057,0.22250843463518935,0.2315714524193843,0.95,0.002396030425585051
1,english,tamil,0.2668238631756795,0.26250849261062953,0.2711848696834036,0.95,0.0022241554808082476
1,english,telugu,0.29420545709357787,0.28930362688218075,0.2999555330029,0.95,0.0027820060630255545
1,english,malayalam,0.269471522887422,0.2645974054666186,0.27409820089769543,0.95,0.002495055595568912
1,english,kannada,0.2692041145962425,0.26515039053453515,0.274289935546724,0.95,0.002395838474339639
1,hindi,marathi,0.006219227778161822,0.00579140735431645,0.007158349614986559,0.95,0.00035986638198605024
1,hindi,bengali,0.023702331282804807,0.022699316529214357,0.024931913510639937,0.95,0.0005859454927155803
1,hindi,gujarati,0.028523801308543335,0.027347657229021743,0.030025812990646317,0.95,0.0007040569275636106
1,hindi,punjabi,0.03964186531281644,0.03838014827505668,0.04108401450182445,0.95,0.0007088072430882455
1,hindi,urdu,0.02941658964175359,0.028379668903303946,0.030688524382118252,0.95,0.0006548514856317527
1,hindi,tamil,0.041072435976195074,0.039696725918484124,0.04286160867254804,0.95,0.0007977652808992172
1,hindi,telugu,0.03655710032812094,0.03514348393120026,0.03828953541011037,0.95,0.0008168082554566084
1,hindi,malayalam,0.04670485145081881,0.04469436520808882,0.04926114431607556,0.95,0.0011585410969037113
1,hindi,kannada,0.04167332221018924,0.04027428544571479,0.04397420085301857,0.95,0.0009365188823056738
1,marathi,bengali,0.020489950685043824,0.019738982134616938,0.021791387494448578,0.95,0.0005169794521400614
1,marathi,gujarati,0.024907767389857397,0.023890874283106163,0.0262608027529057,0.95,0.0006260880944136823
1,marathi,punjabi,0.03911168774801246,0.03779943598050642,0.04087881365172153,0.95,0.0008169573824383727
1,marathi,urdu,0.03726014737761177,0.03588581296118348,0.039074473950710016,0.95,0.0008544980979630945
1,marathi,tamil,0.03656148699271108,0.03574154106431672,0.03807231396474029,0.95,0.0006199727935038498
1,marathi,telugu,0.03130946358953692,0.030381663065117775,0.03277237685447003,0.95,0.0006250852300016311
1,marathi,malayalam,0.045173337621441205,0.04336159310711972,0.047788149797686454,0.95,0.0011209721444895287
1,marathi,kannada,0.03949132501136682,0.03818089919269271,0.04132621028581856,0.95,0.0007761196914860434
1,bengali,gujarati,0.017364202854158215,0.01667410129053217,0.018473892411507636,0.95,0.0004289715009110558
1,bengali,punjabi,0.04402877357533022,0.0427259051374773,0.04625274119450342,0.95,0.0008600975345312626
1,bengali,urdu,0.04176025565704758,0.040249159423453675,0.0438381753010693,0.95,0.0009178941974074215
1,bengali,tamil,0.031498655940996115,0.030720709296883544,0.03273368506259642,0.95,0.0005360401888432104
1,bengali,telugu,0.018808134885533363,0.01812270803132088,0.019873597297681483,0.95,0.00045132959383483974
1,bengali,malayalam,0.024247559545268402,0.022925151739718232,0.025736400665615507,0.95,0.0007194004253459625
1,bengali,kannada,0.02587276161100584,0.024960360051644665,0.027179445297228506,0.95,0.0005528922276056175
1,gujarati,punjabi,0.042853817983200745,0.041358527116252555,0.04489320715840788,0.95,0.0008978703997723511
1,gujarati,urdu,0.044305760298200686,0.04241049876623727,0.04641469753082781,0.95,0.0010475759302075891
1,gujarati,tamil,0.03530664455770007,0.03422210541012247,0.036868519743209635,0.95,0.0006857984506565974
1,gujarati,telugu,0.02046294109043245,0.01966538113820868,0.02146819749799996,0.95,0.0004763332507476474
1,gujarati,malayalam,0.030138343903352294,0.0287960825846746,0.03206733071064886,0.95,0.0007993512575841232
1,gujarati,kannada,0.018210115626630777,0.017546019795907124,0.01946860076967565,0.95,0.0005022440766811965
1,punjabi,urdu,0.04281228239503779,0.041705697587010274,0.044318158174071344,0.95,0.000727037409163762
1,punjabi,tamil,0.05893027028127487,0.05716667611299513,0.06153916635277078,0.95,0.0011664395056007993
1,punjabi,telugu,0.052608202055988554,0.05057917991725761,0.054825861283887146,0.95,0.001100160397978926
1,punjabi,malayalam,0.05223383274962538,0.049726494297688474,0.0545960748725346,0.95,0.0012718618100067192
1,punjabi,kannada,0.049532079147041434,0.04737331418978642,0.052475640012791334,0.95,0.0011772144670378884
1,urdu,tamil,0.06258982017857694,0.06080967730417545,0.06470824949676611,0.95,0.0010627163180053068
1,urdu,telugu,0.05879625146451955,0.05718398501920862,0.06075663654701607,0.95,0.001008813764603103
1,urdu,malayalam,0.05544968654124631,0.053519114547236527,0.05788682355834592,0.95,0.001066939034649039
1,urdu,kannada,0.056307694422245425,0.05463248760514135,0.05849638154380028,0.95,0.0010743220157722676
1,tamil,telugu,0.018748400700580488,0.017885957745997563,0.019871131188759782,0.95,0.0005141950716835969
1,tamil,malayalam,0.023769084074441393,0.02279879653572951,0.024974149739926725,0.95,0.0005493930612410684
1,tamil,kannada,0.032073824071563735,0.030845437271678933,0.03341509339150564,0.95,0.0006483033483104158
1,telugu,malayalam,0.01744362649675338,0.016602097240389833,0.01882594594937479,0.95,0.0006231182783092465
1,telugu,kannada,0.013937452443689326,0.013329381489346549,0.015066724801042496,0.95,0.0004529517628317087
1,malayalam,kannada,0.02021788542294401,0.019351268745900072,0.021743059809624227,0.95,0.0005987687778247537
2,english,hindi,0.3835254078807278,0.3768084187128159,0.38962323924723524,0.95,0.0032757210063323284
2,english,marathi,0.43376498925321155,0.4277396466324508,0.44316261384324185,0.95,0.003981486357780954
2,english,bengali,0.42808650564268685,0.4201317889722424,0.43489893299344035,0.95,0.003640467363057769
2,english,gujarati,0.4075458910969099,0.40164624583248815,0.41432793997371903,0.95,0.003498715111902925
2,english,punjabi,0.3667568036029673,0.3607086378329888,0.373024514966304,0.95,0.0031339463421632156
2,english,urdu,0.40203825030960044,0.395711228404223,0.4079331197222564,0.95,0.0031522187006081306
2,english,tamil,0.4071639996960755,0.40100849571210556,0.4132413321600655,0.95,0.0031657954333592364
2,english,telugu,0.42916948729276677,0.42359743827831814,0.43529500717669556,0.95,0.0032403519592514624
2,english,malayalam,0.44056799799660173,0.43451704428590254,0.44713530769596266,0.95,0.0033393114621472534
2,english,kannada,0.4117623447029597,0.40582301617931177,0.4185588483593249,0.95,0.0034213085590895083
2,hindi,marathi,0.018868149197760354,0.017318354072163825,0.02077468339902584,0.95,0.0009424819783582326
2,hindi,bengali,0.03328222748255193,0.031811923934147904,0.03504870852937952,0.95,0.0008778758121287419
2,hindi,gujarati,0.04014681251974103,0.03854047030232592,0.04219765475955769,0.95,0.0009656643323122822
2,hindi,punjabi,0.03756958214224002,0.03609595639270435,0.03935895133063353,0.95,0.0008589629253390708
2,hindi,urdu,0.016224202404063873,0.015539351059220614,0.017537266205609737,0.95,0.000547633300091699
2,hindi,tamil,0.05915665852315984,0.05705819633295856,0.061223943154230125,0.95,0.00107442838670871
2,hindi,telugu,0.05092587685908837,0.04891436436003231,0.052880049582883344,0.95,0.001044327869754682
2,hindi,malayalam,0.059910045284403475,0.0578933842542567,0.06247472487763032,0.95,0.0011938361214252067
2,hindi,kannada,0.052746453720920294,0.051160155325978146,0.0553510952322598,0.95,0.0009994301471546174
2,marathi,bengali,0.030562541174219204,0.029393373338244,0.0318632069626798,0.95,0.0006176252849974756
2,marathi,gujarati,0.035327333604772686,0.03402257254042765,0.03719458448698373,0.95,0.0008220254858008977
2,marathi,punjabi,0.04515129213112949,0.043282494393624506,0.047146788883070716,0.95,0.0011195695284171034
2,marathi,urdu,0.03201600529520409,0.030316900290422787,0.03415842287435517,0.95,0.0010354219232417907
2,marathi,tamil,0.046476429148361816,0.04486841665013355,0.04826992134127202,0.95,0.0009101571728554134
2,marathi,telugu,0.04205422241205935,0.040515919415685706,0.044143015890141434,0.95,0.0009196532666476584
2,marathi,malayalam,0.047010322308005496,0.04497948108751863,0.04915417571962834,0.95,0.0010676863645282765
2,marathi,kannada,0.04083870008350722,0.03950433352075168,0.04276086403840139,0.95,0.0007750543685035111
2,bengali,gujarati,0.03652125422027963,0.0355699568595029,0.03789784514680203,0.95,0.0006038108244240033
2,bengali,punjabi,0.044556982656586315,0.043104072114000164,0.04622039541302437,0.95,0.0008305971738494407
2,bengali,urdu,0.036706049470572606,0.03514181167048062,0.03872789121687998,0.95,0.0009452157578201387
2,bengali,tamil,0.039583410346217644,0.03832108735315754,0.0409614051122064,0.95,0.0007055739564092956
2,bengali,telugu,0.02726466682489454,0.02655077022407223,0.028455292082512247,0.95,0.0004978033441934687
2,bengali,malayalam,0.03980395671903848,0.03859327044033018,0.04155939933795884,0.95,0.0007631585796891293
2,bengali,kannada,0.03929849984218022,0.038238140976196114,0.04032820635451742,0.95,0.0005463708269057493
2,gujarati,punjabi,0.03962287564240501,0.03792988290374598,0.0413669804648064,0.95,0.0008518394553546662
2,gujarati,urdu,0.048714237588200995,0.0467354301448417,0.05102301007715296,0.95,0.0010347139655101031
2,gujarati,tamil,0.03777159293037575,0.03662588000566678,0.039268828711231184,0.95,0.0007140437418695448
2,gujarati,telugu,0.02967990963396606,0.0288402661016008,0.030811793598275336,0.95,0.0005943991351970133
2,gujarati,malayalam,0.04082445700057571,0.039371711906231684,0.042665086420381956,0.95,0.0008621185342237447
2,gujarati,kannada,0.04089095419618452,0.03978646492253736,0.042284321271344946,0.95,0.0006073067686607679
2,punjabi,urdu,0.03323421211347548,0.03200117770165825,0.034777977715169266,0.95,0.0007663352321390271
2,punjabi,tamil,0.05506802170550627,0.05388915366379477,0.057035915155265286,0.95,0.0008609543995277329
2,punjabi,telugu,0.03864562841893162,0.03735761105246923,0.04018714055229898,0.95,0.0007421659024709122
2,punjabi,malayalam,0.052516414630458086,0.050644957773108214,0.05534866630445706,0.95,0.0011457896921598764
2,punjabi,kannada,0.04730352374099544,0.04594053854528268,0.04893155589560881,0.95,0.0008210463170729043
2,urdu,tamil,0.05046906507105792,0.04843607497761875,0.05226929401789712,0.95,0.0009470315559666401
2,urdu,telugu,0.04698851844689402,0.04553167571088384,0.04906919376110689,0.95,0.0009509910254225742
2,urdu,malayalam,0.055163605527562505,0.053064372840834026,0.05735834320984453,0.95,0.0010988735057939735
2,urdu,kannada,0.04904513131030207,0.04712871561387969,0.05109449771775284,0.95,0.0009534661499530449
2,tamil,telugu,0.03203522885456038,0.0309910797823286,0.033463369318407744,0.95,0.0006286327455947601
2,tamil,malayalam,0.021360203033487388,0.02086865344443333,0.022121759295982334,0.95,0.00034321227924988886
2,tamil,kannada,0.035050780830606025,0.03423757575772881,0.036297915486696246,0.95,0.0005269597338957869
2,telugu,malayalam,0.030272524774420263,0.028838635786909383,0.0317927375630671,0.95,0.0007145313564894393
2,telugu,kannada,0.03582220280247758,0.03495259784493421,0.03699242007956157,0.95,0.0005170383531852206
2,malayalam,kannada,0.02579895299672951,0.0249025730425589,0.026948838839776168,0.95,0.0005156492248697002
3,english,hindi,0.3868920354867011,0.37843772581918894,0.3954751483623351,0.95,0.004456561602323758
3,english,marathi,0.4498226144422598,0.43904207123706346,0.46014237674724157,0.95,0.005436684119378896
3,english,bengali,0.4600031994431588,0.4516374238586129,0.46992436334170545,0.95,0.004621753274789731
3,english,gujarati,0.4699163660407817,0.4616671311488161,0.47898551357837593,0.95,0.004734927957442494
3,english,punjabi,0.4706647533917213,0.4613234401184483,0.48010539826595217,0.95,0.004764818003716945
3,english,urdu,0.44690473224146926,0.4373214974552636,0.45538074855920885,0.95,0.004630094990447306
3,english,tamil,0.4741207450442466,0.46620182287441364,0.4839865044311387,0.95,0.004337500417353837
3,english,telugu,0.480054141018316,0.4704781064314241,0.4886628699747897,0.95,0.0048668510614001655
3,english,malayalam,0.4823728609160881,0.47434322336455514,0.4918507577575232,0.95,0.004479921501608117
3,english,kannada,0.4952873053400062,0.48712497329933635,0.505040597682114,0.95,0.004940078194026626
3,hindi,marathi,0.02130778941175531,0.019018574651071967,0.02372760073235491,0.95,0.0012231501176039941
3,hindi,bengali,0.03477242048886865,0.032514440774881456,0.03703095539678277,0.95,0.0011461567002687546
3,hindi,gujarati,0.03342525230470436,0.03162849242733671,0.0356953925020384,0.95,0.0011191090472899648
3,hindi,punjabi,0.043493711207547,0.04163531787220188,0.04571745090385801,0.95,0.001049954572225496
3,hindi,urdu,0.01939580044259506,0.01831797047161826,0.020697497014867876,0.95,0.00060710347975718
3,hindi,tamil,0.057497624607453945,0.054447921440539775,0.060428333834910274,0.95,0.0015311444457220221
3,hindi,telugu,0.054080050906231636,0.050812014999730336,0.05740089829505481,0.95,0.0017995204783310703
3,hindi,malayalam,0.061694552443065535,0.059151411722538114,0.06463035943127618,0.95,0.0015217978197144529
3,hindi,kannada,0.0694024353901214,0.06534844392543386,0.0733897544957947,0.95,0.0019276398087809648
3,marathi,bengali,0.021636443993141227,0.020594167940189992,0.023054337706364166,0.95,0.0006358077608605038
3,marathi,gujarati,0.02357666008755625,0.022628541926173317,0.025017111916588817,0.95,0.0006204178576487728
3,marathi,punjabi,0.03991921630725829,0.03825024310627651,0.0421228238514503,0.95,0.0009730490532503945
3,marathi,urdu,0.025195251800046038,0.022968987933192214,0.02746304735140623,0.95,0.0010988464492181695
3,marathi,tamil,0.035189987160803675,0.033445029782151615,0.03717449779615035,0.95,0.000970972759636877
3,marathi,telugu,0.027869450314685826,0.026529479104878975,0.029865004804103517,0.95,0.0008613577245591946
3,marathi,malayalam,0.039116562736515655,0.03734896374037556,0.04136647144664482,0.95,0.0010995399201460625
3,marathi,kannada,0.03981501478516101,0.03814732056272369,0.042142936229935396,0.95,0.0010507474716439712
3,bengali,gujarati,0.019606334748926414,0.018968509219348825,0.02073272491375582,0.95,0.00048268723576414305
3,bengali,punjabi,0.03218806243942315,0.030840531111444944,0.03374533428635324,0.95,0.0007682865078228035
3,bengali,urdu,0.03315272502692676,0.03174471886504997,0.03457324715891384,0.95,0.0007885198110031471
3,bengali,tamil,0.02783219252646702,0.026859959723350976,0.029280674901161815,0.95,0.0006182945678529629
3,bengali,telugu,0.01798581540580805,0.017000735554798606,0.019467504890895663,0.95,0.0006620332344115671
3,bengali,malayalam,0.02801771805305221,0.026946557295159067,0.029551067326568797,0.95,0.0007263906711449156
3,bengali,kannada,0.02891002952753652,0.027352569192722248,0.030957534209340172,0.95,0.0008325759467125705
3,gujarati,punjabi,0.020953994934661803,0.019985191751913208,0.0221905701431188,0.95,0.0005644336618673831
3,gujarati,urdu,0.02813706194468344,0.026576893850222306,0.029909166224952124,0.95,0.0008522890180047836
3,gujarati,tamil,0.038154528338211924,0.03656896993655048,0.03991834791321488,0.95,0.0008944400697222415
3,gujarati,telugu,0.03245879850620983,0.031070710230911385,0.034454926946779395,0.95,0.0008759892817688992
3,gujarati,malayalam,0.03251700628216275,0.03077282865415372,0.03506058667284876,0.95,0.0011228341234737764
3,gujarati,kannada,0.03544257823913006,0.03375061598967697,0.037360281156983935,0.95,0.0009374461538856744
3,punjabi,urdu,0.030523988649450995,0.02960956751226659,0.032098416287737075,0.95,0.0006621673577762174
3,punjabi,tamil,0.03725336413320939,0.035517337609648515,0.03899923653215707,0.95,0.0009384461599295669
3,punjabi,telugu,0.03905827421126841,0.03703581907253065,0.040958645583027635,0.95,0.0009946447517090679
3,punjabi,malayalam,0.04118520348872598,0.03942450322049162,0.043279329505500334,0.95,0.00108859302181853
3,punjabi,kannada,0.04128288923115604,0.039215926410797436,0.04401709749248257,0.95,0.0012066961124553718
3,urdu,tamil,0.04876188046062953,0.04711172016950576,0.050973718875371096,0.95,0.000979963831179892
3,urdu,telugu,0.04814522877874153,0.04605611811943064,0.050617536094743974,0.95,0.0010827609606444168
3,urdu,malayalam,0.04747029977937586,0.04548913584868349,0.04970502366723958,0.95,0.0010648683124315414
3,urdu,kannada,0.06001598151663865,0.057555575142976385,0.06253671529192226,0.95,0.0012372704388335135
3,tamil,telugu,0.014724216779477205,0.014038683800075976,0.015923356266178464,0.95,0.00047664100185236703
3,tamil,malayalam,0.015767290622866408,0.015032515323416314,0.016591887075544196,0.95,0.00038600227515895447
3,tamil,kannada,0.019873810823133147,0.018801048710865003,0.021322560254007177,0.95,0.0006037341736018987
3,telugu,malayalam,0.0200519848678479,0.019172099069845006,0.02135674070297896,0.95,0.000509442908694863
3,telugu,kannada,0.015978168184377983,0.015390831584832647,0.016912809593960736,0.95,0.0004235069731562803
3,malayalam,kannada,0.017650793110371734,0.016850796418753804,0.018698730843107032,0.95,0.00048364220680757557
4,english,hindi,0.25435787908067137,0.24993555425080133,0.2597212497650891,0.95,0.0022728039545408278
4,english,marathi,0.316960061162053,0.3112990884039596,0.32357952466495526,0.95,0.0030617726684224835
4,english,bengali,0.3077238843663688,0.30321016894867836,0.3135974050141397,0.95,0.0028201235903665377
4,english,gujarati,0.3089947229975795,0.30501880057566716,0.3140385312723218,0.95,0.002369588327550902
4,english,punjabi,0.3398592414426493,0.3352487218514015,0.34483486950131936,0.95,0.0026478257490712797
4,english,urdu,0.3273211960425162,0.3226001749339792,0.3331638951346794,0.95,0.002616994888455039
4,english,tamil,0.37089081478617625,0.3655343065676614,0.3774831978934052,0.95,0.0031462554221252177
4,english,telugu,0.3584395070072386,0.35364272921878154,0.3643463527642937,0.95,0.0028896586046711073
4,english,malayalam,0.37702177492683353,0.3707726981232553,0.38271660507064464,0.95,0.002997692365601731
4,english,kannada,0.39828137921947,0.39239145248082924,0.40633544941765387,0.95,0.0033898373772397526
4,hindi,marathi,0.012746111087571142,0.011650771252534884,0.014839415318175281,0.95,0.0008345309545945771
4,hindi,bengali,0.030954806920540503,0.02906133769963797,0.03419542547559353,0.95,0.001384244162865908
4,hindi,gujarati,0.030207314867462896,0.02794476618915716,0.03345913532204647,0.95,0.0014428177907704807
4,hindi,punjabi,0.04166417161986532,0.039546099451550486,0.0444068261178619,0.95,0.001235852306940063
4,hindi,urdu,0.016684072899690292,0.015795881387771934,0.018457731742317678,0.95,0.0006581031131855118
4,hindi,tamil,0.06933262718088834,0.06672979273692556,0.07326215443855029,0.95,0.0016712250496164073
4,hindi,telugu,0.06993568225477946,0.06661283730775062,0.07448185601012353,0.95,0.0020050342983973443
4,hindi,malayalam,0.08416161174217052,0.08024229111450333,0.08766188206896691,0.95,0.001927241182270263
4,hindi,kannada,0.07559630865936502,0.0726940559289271,0.0791121914793139,0.95,0.0018480935265872689
4,marathi,bengali,0.02216885649920815,0.021211330133547545,0.024088434593301587,0.95,0.0007380199833246389
4,marathi,gujarati,0.026052704854847026,0.024953286777416813,0.028306605540488264,0.95,0.000902523787352194
4,marathi,punjabi,0.032398250520997686,0.031250409611978516,0.034031168422276215,0.95,0.0007322459969559464
4,marathi,urdu,0.0134376330799556,0.012841176758159333,0.014856062560098377,0.95,0.0005311945629393909
4,marathi,tamil,0.049629082878749425,0.047568392109067846,0.05179234554552858,0.95,0.0011289443541944938
4,marathi,telugu,0.04793015417367856,0.04518918568430652,0.05066466445038848,0.95,0.0013651044065686232
4,marathi,malayalam,0.05715656062024561,0.055009594500949124,0.059798706295906966,0.95,0.001331468828955021
4,marathi,kannada,0.05012610271942411,0.048286018984965075,0.05239332790249453,0.95,0.001016703038376833
4,bengali,gujarati,0.018095261553255956,0.01738170127908419,0.019412151116982378,0.95,0.0005289479524787778
4,bengali,punjabi,0.021985819094100603,0.02108384251751133,0.02344097837574086,0.95,0.000615866229408901
4,bengali,urdu,0.03347475161642652,0.032121542027787386,0.035215214988041116,0.95,0.0007669468530003839
4,bengali,tamil,0.03028805118565737,0.029541103397347522,0.03198456000041736,0.95,0.0006731626522147152
4,bengali,telugu,0.023335875352858363,0.02190136788645791,0.02528582603505371,0.95,0.0008201058161815627
4,bengali,malayalam,0.032707784515098266,0.03162646931876548,0.03431721779135687,0.95,0.0007215971590374366
4,bengali,kannada,0.02813689386935594,0.026938878411986174,0.029764353114663744,0.95,0.0007689753476465364
4,gujarati,punjabi,0.024585435966472686,0.02359642607353903,0.026267563079944344,0.95,0.0006917415793633959
4,gujarati,urdu,0.03293376717974,0.031143790686674555,0.035125494198040466,0.95,0.0010215790394346674
4,gujarati,tamil,0.034609475582657284,0.03333440651959823,0.036624392183059976,0.95,0.0007657799666173753
4,gujarati,telugu,0.028012361524205193,0.026383365593807547,0.03022534779571949,0.95,0.0009915862697177128
4,gujarati,malayalam,0.035920416257476766,0.03451697030901224,0.03861773551183235,0.95,0.0010558246664481893
4,gujarati,kannada,0.033864276653675626,0.0327633870614545,0.03566150163879812,0.95,0.0007674407162743254
4,punjabi,urdu,0.031294506294759654,0.030169889053640705,0.03303928287415991,0.95,0.00077243843484113
4,punjabi,tamil,0.025223482573123988,0.024216373743360487,0.02694239304735842,0.95,0.0007570938886759451
4,punjabi,telugu,0.02352106370191924,0.021703369451658357,0.026211919244744163,0.95,0.0011768508500097992
4,punjabi,malayalam,0.030390732014074252,0.028860400182709838,0.03251249577336542,0.95,0.0009457628367710009
4,punjabi,kannada,0.031765844601553954,0.030216255047910916,0.03377343749056312,0.95,0.0009040147766822735
4,urdu,tamil,0.05696234384005761,0.0549983940186016,0.05951323296290373,0.95,0.0011748800388769432
4,urdu,telugu,0.05744649217903393,0.055280377113653176,0.059969948836904007,0.95,0.001220447892989191
4,urdu,malayalam,0.06886888845387591,0.06664208044405467,0.07161219902542405,0.95,0.0012267243218474424
4,urdu,kannada,0.06468112331714514,0.0631018687206,0.06714078399708324,0.95,0.0010868586717980874
4,tamil,telugu,0.01814092873813041,0.01738908490724186,0.019722518912363374,0.95,0.000648159945818782
4,tamil,malayalam,0.02271357148661735,0.021970639572536307,0.024012988940819945,0.95,0.0005371477840700186
4,tamil,kannada,0.01797390041611811,0.017289057087032104,0.019103156234672063,0.95,0.00045234068271734
4,telugu,malayalam,0.011583318274253806,0.010834753944511333,0.012838956304443736,0.95,0.0004935588823286951
4,telugu,kannada,0.020530517771562097,0.019656077209134634,0.022095744251417776,0.95,0.0006955889119559342
4,malayalam,kannada,0.018842138373714283,0.01795431705352373,0.02020060090441554,0.95,0.0005995766797903127
5,english,hindi,0.18399015163401222,0.18000207455521378,0.1893009572307341,0.95,0.002317815795203753
5,english,marathi,0.2565851659885611,0.2509910858159451,0.2628307756572801,0.95,0.0030220757883760757
5,english,bengali,0.2602911467139639,0.2549255068367652,0.26695532778982095,0.95,0.0029742882292406207
5,english,gujarati,0.2847537885641399,0.27923266019200343,0.2915216558705312,0.95,0.00319451601331077
5,english,punjabi,0.28305121973336705,0.27778675873266695,0.28951432443496006,0.95,0.0030054009297566598
5,english,urdu,0.2214650479381979,0.21689548533686964,0.22715308920171098,0.95,0.0028114027129124107
5,english,tamil,0.37741629530025134,0.37112476092147023,0.38510460612269554,0.95,0.0035951841689331365
5,english,telugu,0.3426441485192496,0.33598663846038523,0.3506594810493458,0.95,0.0037051507384504587
5,english,malayalam,0.39053054239865465,0.3842112909844158,0.39851704657165754,0.95,0.0036833929283075504
5,english,kannada,0.3603868316153415,0.3539862065618548,0.3675913195932922,0.95,0.0035061797976145836
5,hindi,marathi,0.022254152614804047,0.02096749040216786,0.024669346751569187,0.95,0.0009734125175896353
5,hindi,bengali,0.027544100688030704,0.02618210053210585,0.03025031893174583,0.95,0.0010675222346724638
5,hindi,gujarati,0.03759895417101164,0.035914023831421185,0.040738058204489384,0.95,0.0012511054390455787
5,hindi,punjabi,0.036897876592612774,0.0356311004127642,0.03920354892018177,0.95,0.0009943730079594783
5,hindi,urdu,0.013698174249675803,0.013175556233881653,0.01546488422484967,0.95,0.0005542752371904718
5,hindi,tamil,0.0994840770344284,0.09590433989224315,0.10410068367296098,0.95,0.001999675690808906
5,hindi,telugu,0.07807122282604555,0.07503926585794507,0.08202100545675117,0.95,0.0018900505249905158
5,hindi,malayalam,0.10301223289080041,0.09913163654506128,0.10676266322247041,0.95,0.0019982770335680495
5,hindi,kannada,0.08550471841904277,0.08251253551636262,0.09012231339303324,0.95,0.002063614204826846
5,marathi,bengali,0.01810035858102085,0.0168860298984273,0.020120270092384863,0.95,0.000832713658054816
5,marathi,gujarati,0.027017071531013938,0.025976319739084156,0.029618939110017357,0.95,0.000890371063648486
5,marathi,punjabi,0.03344272755849705,0.032144513308776615,0.03595757106488822,0.95,0.0009519388746996174
5,marathi,urdu,0.02169968094710701,0.020604920910404886,0.02338302007580015,0.95,0.0007042141594144254
5,marathi,tamil,0.055732556127331426,0.0535579493138407,0.05837954667095011,0.95,0.0012216670882605218
5,marathi,telugu,0.042664278291350166,0.04009265380511963,0.045820068310776854,0.95,0.001469292179303569
5,marathi,malayalam,0.05670386005316523,0.05433143417142089,0.059728573362546944,0.95,0.0014249522400820657
5,marathi,kannada,0.04642911014308411,0.04455308703597375,0.04887798964701337,0.95,0.0011859925400259778
5,bengali,gujarati,0.018920563929128737,0.01802124339691374,0.021284195542485104,0.95,0.0008079192507799164
5,bengali,punjabi,0.01891230150109692,0.017927400741192624,0.020837701516159653,0.95,0.0007439502680080026
5,bengali,urdu,0.02270280037962469,0.021855541554258888,0.024926099115286336,0.95,0.00072179456545897
5,bengali,tamil,0.04387890112402284,0.04197056968762826,0.04614427333497773,0.95,0.0010546250499638905
5,bengali,telugu,0.029291742721101084,0.02792769013943117,0.03194054919937432,0.95,0.001090815365732428
5,bengali,malayalam,0.04306878017749721,0.04152312260079833,0.04550809379347301,0.95,0.0011114785962810481
5,bengali,kannada,0.03631870512901399,0.034415631146531206,0.038821461127520066,0.95,0.0011228874483354438
5,gujarati,punjabi,0.020165434888088998,0.019168587152927446,0.022220046044631826,0.95,0.0007782272738048909
5,gujarati,urdu,0.030959911078240455,0.02936823094717964,0.033431584473262894,0.95,0.000974467134028081
5,gujarati,tamil,0.047160569696569773,0.04565731441662049,0.049351107472807264,0.95,0.0009837583487259309
5,gujarati,telugu,0.026381609595267044,0.02496771732486749,0.028933114814168215,0.95,0.001025635308684786
5,gujarati,malayalam,0.0398772678595459,0.03851240414127407,0.042220808932876414,0.95,0.0009271535416818191
5,gujarati,kannada,0.03181437506720776,0.03057954826337844,0.03361564269677769,0.95,0.0008479322086725138
5,punjabi,urdu,0.032961438210951766,0.03167217479770944,0.03533450108504347,0.95,0.0009558603944114552
5,punjabi,tamil,0.04096885657309867,0.03955249939043417,0.04359698635716369,0.95,0.0010497891799043965
5,punjabi,telugu,0.0338614415926028,0.03174617433881096,0.03695582421085678,0.95,0.001405352013800248
5,punjabi,malayalam,0.04367117034393424,0.04189925342078619,0.04595093843419363,0.95,0.0011412895808173764
5,punjabi,kannada,0.03729889070036796,0.03603961488281554,0.04004658166638584,0.95,0.0009656396815440108
5,urdu,tamil,0.08438932704700229,0.08206930224655283,0.08750489442708836,0.95,0.0013970327928040406
5,urdu,telugu,0.06208387070065491,0.06001614650599877,0.06477024384053798,0.95,0.0013224808645729692
5,urdu,malayalam,0.0843190801857837,0.08223631010427995,0.08734933886393173,0.95,0.001442069644492705
5,urdu,kannada,0.07654930024196405,0.07434804914354651,0.07943865764944345,0.95,0.0012983436117533712
5,tamil,telugu,0.01519487779518125,0.01418721139960451,0.017138527914912608,0.95,0.0007691689864123102
5,tamil,malayalam,0.011933918878148948,0.011547080205500848,0.01316165972438494,0.95,0.0004644956285825333
5,tamil,kannada,0.020972234184091318,0.019966510067761577,0.022651959030537627,0.95,0.0006764427965308657
5,telugu,malayalam,0.011545972966810888,0.010610648936848823,0.013166793161066741,0.95,0.0006595026738387583
5,telugu,kannada,0.014929937476408204,0.014348493150371431,0.016427595445221092,0.95,0.0006193040348871031
5,malayalam,kannada,0.01359359929533213,0.012865541203339341,0.014891373809979245,0.95,0.0005463340181207497
6,english,hindi,0.19235066932785347,0.18709782235959915,0.19857696053025134,0.95,0.0029405713130043363
6,english,marathi,0.24882099695410675,0.2431897143832651,0.2562176075684752,0.95,0.0031728708963782272
6,english,bengali,0.25518508267362794,0.24939920005634061,0.26380657773503025,0.95,0.00373090933917945
6,english,gujarati,0.2749485576475841,0.2684811195693227,0.2827931465690091,0.95,0.0036784021767459303
6,english,punjabi,0.26615721223140165,0.26066011062097005,0.27374048747917046,0.95,0.0032619757266943088
6,english,urdu,0.23194141481034644,0.2270562724790991,0.23831458963975208,0.95,0.003092430359333087
6,english,tamil,0.3379972459970177,0.32965747484958413,0.34680150347796973,0.95,0.004420626327674312
6,english,telugu,0.32411855125724054,0.3168398167856142,0.33153198833450365,0.95,0.003895745116645559
6,english,malayalam,0.3607009491609455,0.3529188080354432,0.36957522975575885,0.95,0.004313095510317016
6,english,kannada,0.33288107827241964,0.3270143054391928,0.34143160168181846,0.95,0.003682054234451209
6,hindi,marathi,0.015613063226585818,0.014409889013872272,0.018536124053333068,0.95,0.0011367597633738288
6,hindi,bengali,0.02296915301832899,0.021161006609319796,0.026322347300078427,0.95,0.0013671895930480427
6,hindi,gujarati,0.03246636225058612,0.03082329987750984,0.03593442724488102,0.95,0.0014955133451587167
6,hindi,punjabi,0.03182159743740652,0.03028208458540205,0.03467653149740166,0.95,0.0011878404637053251
6,hindi,urdu,0.015856268318766624,0.014793308058036353,0.018558811766714856,0.95,0.0009758782288584851
6,hindi,tamil,0.06399456436782065,0.061499105407987344,0.06906217310323838,0.95,0.0020183254147052914
6,hindi,telugu,0.06167090150074633,0.05868020352288421,0.06636115476721517,0.95,0.002084435837666944
6,hindi,malayalam,0.0961607946527929,0.09256007466285497,0.10110273876502539,0.95,0.002296198237098284
6,hindi,kannada,0.07263152594819032,0.07019072945372233,0.07700033649306665,0.95,0.0016963795530222684
6,marathi,bengali,0.01704001895396215,0.016059530692920057,0.01919753145464382,0.95,0.000837309709605271
6,marathi,gujarati,0.025244678276478236,0.023948220939942866,0.027718801067334993,0.95,0.000995689860354051
6,marathi,punjabi,0.02493342094337948,0.023907799888402404,0.027187500033304814,0.95,0.0009336315967534135
6,marathi,urdu,0.010658254220756842,0.010011054214061435,0.01242971406827541,0.95,0.0006817704851208843
6,marathi,tamil,0.03859474766894073,0.0367590168650441,0.041174506072908554,0.95,0.0012819348120903717
6,marathi,telugu,0.04115354161452358,0.03938284057110681,0.04484004698745762,0.95,0.0013465826585715094
6,marathi,malayalam,0.06437456818505928,0.06184574858421197,0.06803088317300267,0.95,0.0015950436955638235
6,marathi,kannada,0.05018337307990329,0.04824091154624447,0.05282871738110393,0.95,0.0011756520444957234
6,bengali,gujarati,0.01958886945081221,0.018883059269908724,0.021742836921855066,0.95,0.0006950274459855058
6,bengali,punjabi,0.016565074343336626,0.015664163790783933,0.019032766534335843,0.95,0.0008787993472814816
6,bengali,urdu,0.020238170802012775,0.019012881976773074,0.02218464917872934,0.95,0.0008260665849759501
6,bengali,tamil,0.02938631231601347,0.028126035542919887,0.03164958623877628,0.95,0.000884664400638912
6,bengali,telugu,0.024028798674906243,0.023063834815031863,0.026272701691989468,0.95,0.0008693054631648477
6,bengali,malayalam,0.045443796418403466,0.043850467474661474,0.0487878580101637,0.95,0.0012665798086762892
6,bengali,kannada,0.03561959062389365,0.03415447619231851,0.03820436182627112,0.95,0.0010614370284511559
6,gujarati,punjabi,0.01622198492919616,0.015113185743254239,0.019620176994352236,0.95,0.001052347873990936
6,gujarati,urdu,0.02943033724819781,0.028361806967717427,0.03173355289321631,0.95,0.0009090747689788468
6,gujarati,tamil,0.02539983809536842,0.0243343230439812,0.02751880363086214,0.95,0.0008001074967608552
6,gujarati,telugu,0.021453346242436035,0.02040808169939921,0.02403102700439406,0.95,0.0009566498322610587
6,gujarati,malayalam,0.04475515970428629,0.042726766159832466,0.047671164473498624,0.95,0.0012322062766225994
6,gujarati,kannada,0.02673306492613105,0.025508067954019355,0.028707069874559954,0.95,0.0008201906362716836
6,punjabi,urdu,0.022969633607377592,0.022160276818442546,0.025421207753947937,0.95,0.0008320505284074882
6,punjabi,tamil,0.032117724231170146,0.030617087861250444,0.035515653998104905,0.95,0.0014137198713021644
6,punjabi,telugu,0.02878953289883542,0.026546893577384392,0.03243892524670439,0.95,0.0015688810414630553
6,punjabi,malayalam,0.04729455375534653,0.04477755328295551,0.05105300779528209,0.95,0.0015784251328163769
6,punjabi,kannada,0.03300691457557029,0.0315829797952373,0.036000825992318866,0.95,0.0011894948552292224
6,urdu,tamil,0.05150026614038574,0.04989115641033149,0.05472425773971672,0.95,0.0012624993530252167
6,urdu,telugu,0.04804930044047452,0.04660223770111305,0.05103635671402803,0.95,0.0011728173516910327
6,urdu,malayalam,0.07427685100834287,0.07207618661468358,0.07685495164930382,0.95,0.0013636016991938917
6,urdu,kannada,0.05914072073030482,0.05758592069949087,0.061891969364660133,0.95,0.0011088694638042799
6,tamil,telugu,0.014263447199912552,0.013380241142813486,0.01595630921053134,0.95,0.0006971557996418413
6,tamil,malayalam,0.01765481013914901,0.016769619498537756,0.019360591580964932,0.95,0.0006706875561038634
6,tamil,kannada,0.017484111697360877,0.016854093065623202,0.019382609455568158,0.95,0.0007019506536051325
6,telugu,malayalam,0.021276660531592384,0.020226052843946865,0.023280088258918072,0.95,0.0008458057788057
6,telugu,kannada,0.0147805588868975,0.013895727519173031,0.016719968882624014,0.95,0.0007576653967495039
6,malayalam,kannada,0.016197394605102385,0.014847994857214417,0.01811691751781727,0.95,0.0008177172765215219
7,english,hindi,0.2503937894764505,0.24258922960263066,0.2572677521328162,0.95,0.003870109296927281
7,english,marathi,0.3076659186521207,0.300246132200575,0.3169153216292087,0.95,0.004326703394728526
7,english,bengali,0.3397767233597279,0.3327148806013646,0.34861272999555654,0.95,0.004420529584996271
7,english,gujarati,0.34277554783173203,0.3352671213659464,0.35247914185895685,0.95,0.004375387329416391
7,english,punjabi,0.3411632577907599,0.3331740435686851,0.35050666909530437,0.95,0.0044780683676142255
7,english,urdu,0.2772746256346941,0.26978915051313834,0.2854546427659072,0.95,0.003815973633631345
7,english,tamil,0.41361551696662824,0.40274790434855834,0.4229150753763791,0.95,0.0052944762060753775
7,english,telugu,0.4052694854958433,0.3976192791895241,0.41554756098967754,0.95,0.004878100066596975
7,english,malayalam,0.4342548104031433,0.42577068067031176,0.44411399820011094,0.95,0.004814883490600725
7,english,kannada,0.4282773459155083,0.4186976066663473,0.4376079054149762,0.95,0.00488634924958612
7,hindi,marathi,0.01567435547353809,0.013811182109764666,0.01969576588222005,0.95,0.0014687823391165366
7,hindi,bengali,0.02403687977100394,0.021804869710696857,0.028598822142320384,0.95,0.0017421812220922343
7,hindi,gujarati,0.028400508420125897,0.02619110978653703,0.03175349603435526,0.95,0.0015256689784671448
7,hindi,punjabi,0.025244809605429224,0.023539250808849853,0.028578429463604782,0.95,0.0012979599549048457
7,hindi,urdu,0.010065536751260293,0.009608441599365285,0.011804897559303043,0.95,0.0006140629708564633
7,hindi,tamil,0.07540068655674714,0.06984290630423182,0.08208370874106129,0.95,0.0028961021814958897
7,hindi,telugu,0.07018044853003373,0.06474420546499658,0.07593523724612551,0.95,0.0028075692095235576
7,hindi,malayalam,0.09223457124145061,0.08667748441094972,0.09850500518080674,0.95,0.002930249809467615
7,hindi,kannada,0.0738091381269991,0.06976885713913482,0.0786737120782086,0.95,0.0024822153352449363
7,marathi,bengali,0.007996837591645139,0.007319393178698558,0.009941875946874974,0.95,0.0006724450466052559
7,marathi,gujarati,0.013830952352466076,0.012642454716956209,0.01590583601184982,0.95,0.0008509996453508344
7,marathi,punjabi,0.013967347825384268,0.013077970267476365,0.016057026582233055,0.95,0.0008127573437954226
7,marathi,urdu,0.014529347866992538,0.01236096410502823,0.017858798837976978,0.95,0.0014798091710076769
7,marathi,tamil,0.035270089843009354,0.03310935021650389,0.038385055546479196,0.95,0.0013497964793632016
7,marathi,telugu,0.03392807397965911,0.031798214729249305,0.037527581800220824,0.95,0.0015458857895052243
7,marathi,malayalam,0.05021182682018999,0.04797406999785221,0.05341862999972628,0.95,0.0014677235423668333
7,marathi,kannada,0.03697239130927159,0.034689074726058935,0.03966185838349363,0.95,0.0012717175698351033
7,bengali,gujarati,0.008145069259484569,0.007291437560652318,0.010039821519305702,0.95,0.0007145424957733473
7,bengali,punjabi,0.01025631759504986,0.009167110592904202,0.012795457259888189,0.95,0.0009433896313440522
7,bengali,urdu,0.021986046151631848,0.01969793921510237,0.025621792754918923,0.95,0.0015881494247986534
7,bengali,tamil,0.02403907761991408,0.022650448281126615,0.026690381145987208,0.95,0.0010564964539633904
7,bengali,telugu,0.021173898621156567,0.019523167872323506,0.02368229683192015,0.95,0.001190699835552779
7,bengali,malayalam,0.03471155140531008,0.03268007681356577,0.03769483473863558,0.95,0.0013119085235356715
7,bengali,kannada,0.024069667516986512,0.022174001687822617,0.026987963944423838,0.95,0.0011375989551460674
7,gujarati,punjabi,0.005657413782662398,0.004704008175000611,0.00853171624641867,0.95,0.0009448748292489275
7,gujarati,urdu,0.018146749264253147,0.016010584651547814,0.021504575875583805,0.95,0.0014295276034625374
7,gujarati,tamil,0.029772511246617547,0.02785620399911735,0.032177221225974696,0.95,0.0012074456567261744
7,gujarati,telugu,0.020465621215788304,0.018823304763454344,0.023136665421968756,0.95,0.0011086749178916618
7,gujarati,malayalam,0.034578437925871626,0.032463964701374595,0.037190058745983974,0.95,0.0012609917436588334
7,gujarati,kannada,0.01969939210780509,0.01833616091341997,0.021923362274025426,0.95,0.0009448263383214099
7,punjabi,urdu,0.017364506659563197,0.016186597641040256,0.02038244558271463,0.95,0.0011237739651656197
7,punjabi,tamil,0.03142147535322118,0.028822267073216994,0.03575285508315693,0.95,0.001795681589674923
7,punjabi,telugu,0.025807512954633387,0.023299371885017777,0.02904953390338366,0.95,0.0015076240590039995
7,punjabi,malayalam,0.0383026617465364,0.03541123485447764,0.04285178554471067,0.95,0.0018363495508897235
7,punjabi,kannada,0.022216000996413847,0.020672541751868875,0.025684600103687557,0.95,0.0012607033614121029
7,urdu,tamil,0.05782324512883526,0.05417113439234677,0.06266235021181744,0.95,0.002301687998011348
7,urdu,telugu,0.05107963083749761,0.04747337355634534,0.05613919320947793,0.95,0.002091482647449496
7,urdu,malayalam,0.06895925337648094,0.06490041933137256,0.07288278637768635,0.95,0.0020906799234191482
7,urdu,kannada,0.05413348367144718,0.05111947234536874,0.058246877231505775,0.95,0.0018718684100993616
7,tamil,telugu,0.007382944365041343,0.006779683636547207,0.009095176291177206,0.95,0.0005782180048425946
7,tamil,malayalam,0.01034635954160665,0.00989949590607514,0.012094026974124296,0.95,0.0005797381776707867
7,tamil,kannada,0.015164575576054712,0.014356966080174003,0.017181725470980614,0.95,0.0007953407785312471
7,telugu,malayalam,0.01157720005411953,0.010905868310329182,0.01303501821071316,0.95,0.0005710062394513162
7,telugu,kannada,0.0106998364563391,0.010042639983242072,0.012375732479661134,0.95,0.0006051268684832676
7,malayalam,kannada,0.00965221049879449,0.00894869653009231,0.011476146575537803,0.95,0.0006430607514913859
8,english,hindi,0.30843881339926227,0.29934756758847775,0.31735062896802413,0.95,0.004622475831301955
8,english,marathi,0.3790478009085455,0.3716752474755114,0.3882750700518827,0.95,0.0045189963842196985
8,english,bengali,0.3933357865120818,0.3847489618507062,0.4027149838116473,0.95,0.004501052880142841
8,english,gujarati,0.4219604137582792,0.41286917492103187,0.43069583826931795,0.95,0.0047467886366717475
8,english,punjabi,0.4000830649686644,0.39195529384840516,0.4093345086175251,0.95,0.004688377906086282
8,english,urdu,0.3421570660069869,0.33434600447893564,0.35248490787016135,0.95,0.004130914697988191
8,english,tamil,0.45499612863914957,0.446462552635456,0.46450768573283424,0.95,0.004851956980587083
8,english,telugu,0.4718591335513782,0.4625439840209425,0.4812732464334173,0.95,0.004982073870416822
8,english,malayalam,0.49522992133602434,0.48535926965758297,0.5056759965203548,0.95,0.005379030624544599
8,english,kannada,0.4904113386390588,0.4815297920575894,0.49970335123367293,0.95,0.0053001484146579
8,hindi,marathi,0.01465204228173033,0.01310932425934141,0.017443836293088495,0.95,0.0011785287343169541
8,hindi,bengali,0.016927467135923763,0.015362701672577932,0.019832588852024404,0.95,0.0012387210645953082
8,hindi,gujarati,0.029620332165402406,0.027178107503862466,0.03337369360143217,0.95,0.0016430689835424085
8,hindi,punjabi,0.025977705602864127,0.024245941779584987,0.02963139586844533,0.95,0.0013480762341946486
8,hindi,urdu,0.008933566577595154,0.008203799644864977,0.010942326483224862,0.95,0.0006560220379711779
8,hindi,tamil,0.050397816435625346,0.04681302595343976,0.054629464479858864,0.95,0.002036840277592858
8,hindi,telugu,0.059062134535009636,0.05510476913007699,0.06353970246301555,0.95,0.0021502021895088708
8,hindi,malayalam,0.07418603157695482,0.0706698049019409,0.07881089562694285,0.95,0.0021450192563741465
8,hindi,kannada,0.0663203972421756,0.06297904998514814,0.07065012816402072,0.95,0.0019248516237317028
8,marathi,bengali,0.005990978840419955,0.005592133007194749,0.008119280407249333,0.95,0.0006008382905717251
8,marathi,gujarati,0.010817927562684394,0.010001206437427053,0.012638057913691122,0.95,0.0006599010925528253
8,marathi,punjabi,0.01634773403877738,0.015518054381088135,0.018652049852095606,0.95,0.0008186493419315912
8,marathi,urdu,0.008153606591958235,0.00732626586261527,0.010390254767199864,0.95,0.0008091350469794722
8,marathi,tamil,0.01935130359302941,0.017920020343559828,0.021968766195127994,0.95,0.0009625153043677785
8,marathi,telugu,0.025814246978028404,0.024345723456842182,0.028719965810226566,0.95,0.0010250191854614243
8,marathi,malayalam,0.03607374309270515,0.03460417055938772,0.03853851996018267,0.95,0.0010405900229873825
8,marathi,kannada,0.03014140123382435,0.028995089591642514,0.03271633348033651,0.95,0.0009855354579930355
8,bengali,gujarati,0.00653477204745342,0.006198469854700151,0.008346622164110433,0.95,0.0005360985015840351
8,bengali,punjabi,0.009621751824270764,0.009207625767251317,0.01135948357158173,0.95,0.0005536503635087171
8,bengali,urdu,0.014566976242924856,0.013386903559488978,0.016707242600230574,0.95,0.0008740011069985688
8,bengali,tamil,0.017656889321813373,0.015921498490826056,0.02099075008679973,0.95,0.0012190116526560925
8,bengali,telugu,0.023018033722157848,0.021474593665249918,0.026135636280058525,0.95,0.0011805873754342031
8,bengali,malayalam,0.03195464778405874,0.030579103885066527,0.03420720183897207,0.95,0.0009413479433253981
8,bengali,kannada,0.025201548558160616,0.023662162978577855,0.027811541973411114,0.95,0.000939349275543064
8,gujarati,punjabi,0.008436176824974476,0.007876216690438025,0.010361662841230818,0.95,0.0006178775936502058
8,gujarati,urdu,0.019027016806911545,0.017350389117197506,0.02150147348244949,0.95,0.001044682905794454
8,gujarati,tamil,0.01000784185922845,0.008837949175542379,0.012329514573649444,0.95,0.0009270410035290006
8,gujarati,telugu,0.01260557275819679,0.011446100582243261,0.01520747810935013,0.95,0.000996986278690038
8,gujarati,malayalam,0.016860617656821293,0.016156389801653053,0.019112807176181388,0.95,0.0007152197776906031
8,gujarati,kannada,0.012677519325497525,0.011847243665991297,0.014780318207433918,0.95,0.0007706239259043121
8,punjabi,urdu,0.017201633283254962,0.016288638595267146,0.019426199065275335,0.95,0.0008642835330069009
8,punjabi,tamil,0.018437097991716573,0.01685302650871362,0.021563644936332088,0.95,0.0012061116835360751
8,punjabi,telugu,0.023967983761537567,0.022087027914448335,0.026703950945431865,0.95,0.0012524662570733685
8,punjabi,malayalam,0.029777799436325775,0.028161592834417,0.03239489352849171,0.95,0.001128838489138929
8,punjabi,kannada,0.02506528732584154,0.02365439386458461,0.027536980463282974,0.95,0.0009786594528829408
8,urdu,tamil,0.0317841224801042,0.029887177967503346,0.03500023924900976,0.95,0.0013425130985380515
8,urdu,telugu,0.03981259306859751,0.03730073361947534,0.043094634256597306,0.95,0.0015059840580812858
8,urdu,malayalam,0.05120941208796112,0.04927385901548442,0.05425892438434724,0.95,0.0013975949552579921
8,urdu,kannada,0.045972072099385766,0.04386159674909772,0.0496182149580908,0.95,0.0013972426247901913
8,tamil,telugu,0.007091010366743031,0.006726363613919561,0.008667933365686302,0.95,0.0005371987542890403
8,tamil,malayalam,0.0089952762678244,0.008342056469976752,0.010532326936010535,0.95,0.0006261503725314519
8,tamil,kannada,0.006815265294856229,0.006334669501385463,0.008293110518288859,0.95,0.000536861445520696
8,telugu,malayalam,0.006032493589958858,0.005493568096588831,0.008015518732278817,0.95,0.0006628175261861982
8,telugu,kannada,0.003576928244337677,0.003300417970100048,0.004956595663015518,0.95,0.00040777784546965887
8,malayalam,kannada,0.004707334258742671,0.004455790351035127,0.005966093794538256,0.95,0.0003793456729836958
9,english,hindi,0.3451105411453788,0.3381897280301133,0.35427956248207393,0.95,0.004353115325075187
9,english,marathi,0.413574197551041,0.4038843258210625,0.4234975406449906,0.95,0.00488085698674794
9,english,bengali,0.4216147867477711,0.4134390872662319,0.4306416995142274,0.95,0.004811309064562661
9,english,gujarati,0.4431113493603135,0.43401443795060524,0.4520740331423368,0.95,0.004766124679142552
9,english,punjabi,0.424855482956537,0.4151428402042334,0.43376360504578904,0.95,0.004363489079546376
9,english,urdu,0.36623530586554703,0.35934059043678906,0.3753867751216676,0.95,0.004200482009893368
9,english,tamil,0.4896622326564238,0.48261344784183036,0.4984394336640109,0.95,0.004274994066705482
9,english,telugu,0.49234003701647816,0.4849782269289843,0.5019498359629098,0.95,0.00458967946998754
9,english,malayalam,0.5052383377133509,0.4970808247685922,0.5156931542304929,0.95,0.004799837381342539
9,english,kannada,0.4992174527136437,0.49041605913251846,0.5100961761426545,0.95,0.004981766804504422
9,hindi,marathi,0.013133981270340166,0.011371567696106668,0.015811094327955792,0.95,0.0011025392389553891
9,hindi,bengali,0.015828343835013147,0.014439458346545406,0.01844783804437411,0.95,0.0010495039057844208
9,hindi,gujarati,0.02501834508605117,0.022640922601474767,0.0281498030578393,0.95,0.0014570298761381838
9,hindi,punjabi,0.022333230052063252,0.02112743337767212,0.02426872501652006,0.95,0.0008751478055114013
9,hindi,urdu,0.005355828445093969,0.004913375015902618,0.006554389957128362,0.95,0.0004523323970306888
9,hindi,tamil,0.04638694135547123,0.04350917196097285,0.04992998599957218,0.95,0.0016015965041830304
9,hindi,telugu,0.05151749693931248,0.04874344489791901,0.055186346979718776,0.95,0.0016754916308947597
9,hindi,malayalam,0.06421552023951667,0.06078164840116452,0.06759227768562814,0.95,0.001831963801833707
9,hindi,kannada,0.060566797987487944,0.0577991708862762,0.06381196055913392,0.95,0.0016420599885049571
9,marathi,bengali,0.0050688129778407994,0.004802495375319758,0.006367094181679139,0.95,0.00040687372266150717
9,marathi,gujarati,0.009687774781849266,0.00876950317286459,0.0115907532680473,0.95,0.0007178685559324938
9,marathi,punjabi,0.010928403956511623,0.010363862413824539,0.012648358770546214,0.95,0.00062236629029926
9,marathi,urdu,0.008633389008872281,0.007657335377215035,0.010496821802158923,0.95,0.0007336854021010113
9,marathi,tamil,0.018308556129967114,0.016856300284395324,0.02043812948185506,0.95,0.0008997405877060665
9,marathi,telugu,0.021498068605896224,0.020216391353978177,0.023447119142494935,0.95,0.0008203730235659004
9,marathi,malayalam,0.030326981775310617,0.028850894912445923,0.03232595433297157,0.95,0.0009422125435832943
9,marathi,kannada,0.028165606648735013,0.027001055264064294,0.030214153681898812,0.95,0.0008940195761894519
9,bengali,gujarati,0.004885780553425921,0.004500302363879765,0.006063216027967316,0.95,0.0004192610122495141
9,bengali,punjabi,0.00671953418562539,0.00594817783280987,0.008378000519821363,0.95,0.000596608288286627
9,bengali,urdu,0.01307479446941509,0.011814629507341703,0.014991820505169102,0.95,0.0008410474436378164
9,bengali,tamil,0.01444416421227892,0.013229145727141033,0.016534118295631887,0.95,0.0008670287885288375
9,bengali,telugu,0.01748639788274174,0.0162494942250251,0.01967208715831345,0.95,0.0009182830536045351
9,bengali,malayalam,0.02273609323239514,0.020976636117310987,0.02477649777512136,0.95,0.000969739870166148
9,bengali,kannada,0.02147837271029784,0.020061635436463172,0.02373544604304202,0.95,0.0009243779757842969
9,gujarati,punjabi,0.004703137400207121,0.003763503296117837,0.006633252061320061,0.95,0.0007514235811292093
9,gujarati,urdu,0.01791322694726357,0.016269621699792566,0.020619676081663953,0.95,0.001172775353579073
9,gujarati,tamil,0.008701883396481817,0.0077912273382643145,0.01011895470167406,0.95,0.0006247466568357447
9,gujarati,telugu,0.010841385655331092,0.010122870637891686,0.012202970803029385,0.95,0.0005917747133085539
9,gujarati,malayalam,0.01511244718679735,0.013972211001545018,0.017055078477627356,0.95,0.0007231727067865116
9,gujarati,kannada,0.01442856203737452,0.013432605932944035,0.015939612927680563,0.95,0.0006427551743684364
9,punjabi,urdu,0.014465860884174007,0.013938933859303244,0.015995890656408326,0.95,0.000552591803222148
9,punjabi,tamil,0.01296839307640455,0.011135711202045559,0.01591517594876924,0.95,0.001238546437566219
9,punjabi,telugu,0.014694243683346922,0.013157536121930533,0.017277954247393753,0.95,0.0010634382215534363
9,punjabi,malayalam,0.019384810336411432,0.017522084827069996,0.022038949046777515,0.95,0.0011633383314017401
9,punjabi,kannada,0.018891283080978264,0.017144690919540496,0.02118521007034167,0.95,0.0010897277894151064
9,urdu,tamil,0.03416849965600359,0.03171104343207184,0.037045765963233925,0.95,0.001353986792668652
9,urdu,telugu,0.03882500256434368,0.0362480546351741,0.04206778493322334,0.95,0.0014228570115725932
9,urdu,malayalam,0.04930604995226962,0.04657105820568205,0.05216963651207368,0.95,0.0013795304934572012
9,urdu,kannada,0.047985203943042155,0.046149015577838175,0.05069858897951469,0.95,0.0012711118940100846
9,tamil,telugu,0.0038327523919425986,0.0035966626017203567,0.004598579279414325,0.95,0.000298142139544099
9,tamil,malayalam,0.0066794555701602506,0.006332531196444709,0.007663666164170245,0.95,0.0003521900716170525
9,tamil,kannada,0.007211060458143867,0.0068969076955483774,0.00838645525172278,0.95,0.00038514954083907654
9,telugu,malayalam,0.005214871831984163,0.004889404386757403,0.006206294702790572,0.95,0.00034091017542693203
9,telugu,kannada,0.0035674518001489355,0.0033738589432207537,0.004384715905069534,0.95,0.00024096660440657441
9,malayalam,kannada,0.004826341974598318,0.004551900201563249,0.00575604627317948,0.95,0.0003017013685080425
10,english,hindi,0.37187439637150677,0.36299435420556797,0.38083034127768994,0.95,0.004854903946256432
10,english,marathi,0.4644591763871591,0.45498625064215636,0.47339113370513414,0.95,0.004741625557430875
10,english,bengali,0.46366612720870887,0.4548809175373289,0.4715633413616057,0.95,0.004561943981783347
10,english,gujarati,0.4746713503351058,0.46663103618798124,0.48353275646848254,0.95,0.00468469649009445
10,english,punjabi,0.4766476943322315,0.4697224734026438,0.48502470877531734,0.95,0.004343626598697861
10,english,urdu,0.40467863932532133,0.39532320711638524,0.41213979876464174,0.95,0.0044748979179536725
10,english,tamil,0.5042649987762868,0.49622027559137694,0.5135346700505853,0.95,0.0045392678142950095
10,english,telugu,0.5326809519851375,0.5236131110967952,0.5411582843162017,0.95,0.004322085941374777
10,english,malayalam,0.5438343826793498,0.5350072794097991,0.553305012388361,0.95,0.004986406397496622
10,english,kannada,0.5308466441075921,0.5237836052818179,0.5397149703933123,0.95,0.004083706647848314
10,hindi,marathi,0.01456830540136529,0.013078110145355405,0.016658303314958902,0.95,0.0008912193897433244
10,hindi,bengali,0.014369071543894813,0.013347955122538368,0.016688530805105992,0.95,0.0008668170996359139
10,hindi,gujarati,0.019479788583422298,0.018078151889070908,0.021695504216379106,0.95,0.0009433866422017366
10,hindi,punjabi,0.02182415203863294,0.020899737509141144,0.02348636542401144,0.95,0.0007037440379773645
10,hindi,urdu,0.005259600305728851,0.004820788197981143,0.00618446028954333,0.95,0.0003760855423353603
10,hindi,tamil,0.029390243906540752,0.027863777569851988,0.03191811310309975,0.95,0.000994042117209533
10,hindi,telugu,0.04015566230443734,0.0378052392946879,0.0424935206139877,0.95,0.0013189287152359436
10,hindi,malayalam,0.04867137491689418,0.04596353302406825,0.05170203674302347,0.95,0.0014385227019642682
10,hindi,kannada,0.042196112924751145,0.040097795873113594,0.044466868278105934,0.95,0.001116021345616919
10,marathi,bengali,0.0056920341720322,0.005331910352366351,0.0066903767940764015,0.95,0.0003656448225745584
10,marathi,gujarati,0.010127362032842183,0.009723924131730505,0.011430534970118486,0.95,0.0004638124709299989
10,marathi,punjabi,0.01626617659442177,0.015673366989893484,0.017643098248568946,0.95,0.0005309247650549348
10,marathi,urdu,0.010903837015725478,0.009884586954717235,0.012589513820435633,0.95,0.0007018931305993215
10,marathi,tamil,0.014912469188379993,0.014247610090651137,0.016202279508114228,0.95,0.0005403888574535755
10,marathi,telugu,0.01794734374374977,0.01694175177631804,0.019168185366491786,0.95,0.0005980619829379716
10,marathi,malayalam,0.027818554827675358,0.026802615655459456,0.029839435209333656,0.95,0.0007940030257042028
10,marathi,kannada,0.025171813844233424,0.024330819069270246,0.02665490835517277,0.95,0.0006234463615524461
10,bengali,gujarati,0.003179782136123944,0.0030091159719388806,0.003912394143551235,0.95,0.0002508817331964889
10,bengali,punjabi,0.007917562927044408,0.007364869200562074,0.009547714121863173,0.95,0.0005600456615346066
10,bengali,urdu,0.01203953480850204,0.011009861968060343,0.01360296971415914,0.95,0.0006301013043161784
10,bengali,tamil,0.006811546410503435,0.006385748781884432,0.007902061405234511,0.95,0.00038579815437975027
10,bengali,telugu,0.010609073277204095,0.009865407447334551,0.011749625168831677,0.95,0.0005159877031593445
10,bengali,malayalam,0.015482854027658605,0.014565770332245112,0.016682816325278026,0.95,0.000564658561782768
10,bengali,kannada,0.01334517065083631,0.01272308537072595,0.014617656414191705,0.95,0.0005128369258941539
10,gujarati,punjabi,0.0054914060471488715,0.005065236460101557,0.006602024219489345,0.95,0.0004114915436914082
10,gujarati,urdu,0.01609799870894362,0.0151924698998045,0.017882287276940915,0.95,0.0006634440807111691
10,gujarati,tamil,0.0060843937345907845,0.005601553701541551,0.006878201494815522,0.95,0.0003155997487249585
10,gujarati,telugu,0.008298909786597192,0.007637020556058649,0.009613916424630024,0.95,0.0004827588050709627
10,gujarati,malayalam,0.01242677090833181,0.01147465549865541,0.01361767826531615,0.95,0.0005635799452249616
10,gujarati,kannada,0.011264063983707096,0.010615457363121214,0.01289823136950069,0.95,0.0005810824886857979
10,punjabi,urdu,0.015193368603039999,0.014379509185533152,0.016367548335353855,0.95,0.0005301844222878488
10,punjabi,tamil,0.010445081822096627,0.009755340627836678,0.011817043372459996,0.95,0.000568323004843422
10,punjabi,telugu,0.014633968944261935,0.013484268419270085,0.016485351984375837,0.95,0.0007572850245325765
10,punjabi,malayalam,0.017197324026518784,0.016166609960175125,0.019138285486459735,0.95,0.000800948418763534
10,punjabi,kannada,0.016100003644358,0.015018450642502028,0.017928858129482823,0.95,0.000735662905862649
10,urdu,tamil,0.026500295495695554,0.02536445424644134,0.028183640283656466,0.95,0.0007209519547531515
10,urdu,telugu,0.03420979667430092,0.03238083363083128,0.03665538218086973,0.95,0.0010699017437347566
10,urdu,malayalam,0.043444840703345214,0.04204037101210024,0.04562947211114784,0.95,0.0009511204957770088
10,urdu,kannada,0.039236019804948584,0.038056348588112444,0.04133641779984376,0.95,0.0008447952327217586
10,tamil,telugu,0.003694110822576346,0.0033295192403092555,0.004655393219047518,0.95,0.0003335154005424793
10,tamil,malayalam,0.005369954950261941,0.004980110590874233,0.006426670416819855,0.95,0.00037970383962159285
10,tamil,kannada,0.004216835644704921,0.003861198047902203,0.005305614758755881,0.95,0.0003478934017734397
10,telugu,malayalam,0.00466432704187717,0.004363360169574552,0.005493498237201895,0.95,0.0003007990442790782
10,telugu,kannada,0.004783504098927877,0.004459992921267802,0.005847219520301411,0.95,0.00036055562983349843
10,malayalam,kannada,0.0034040379876063074,0.003153322703373454,0.0042396466372156705,0.95,0.0002954363557036186
11,english,hindi,0.32006093686021986,0.31179449302105755,0.330164454381051,0.95,0.004971206305081172
11,english,marathi,0.43202601893372605,0.4210444444164297,0.44234824957138535,0.95,0.005717414161707086
11,english,bengali,0.43315635985816253,0.4233714283322701,0.4449900233835088,0.95,0.005674705570014767
11,english,gujarati,0.44838723534890473,0.4374730078724062,0.46014540315902025,0.95,0.006290952345488843
11,english,punjabi,0.43967636948805866,0.4298790963489941,0.45273115239670375,0.95,0.005946328836181258
11,english,urdu,0.32856016770900304,0.31851845651941624,0.33932716275174923,0.95,0.005090434795823286
11,english,tamil,0.48320782309148075,0.47214503528242663,0.4976394218819573,0.95,0.006330515917921078
11,english,telugu,0.5133426613044202,0.5046952395448135,0.5251756301687632,0.95,0.005470885778780692
11,english,malayalam,0.5214401640982733,0.510801442848481,0.5314055692721334,0.95,0.005341583888069147
11,english,kannada,0.5207695972773815,0.5099546067718286,0.5328939227825727,0.95,0.0059108680912106065
11,hindi,marathi,0.022198266270961584,0.019985990999094153,0.02502388592701062,0.95,0.0013225432475872272
11,hindi,bengali,0.02654136666079281,0.02503358606635489,0.02934667551317454,0.95,0.0010597525502617172
11,hindi,gujarati,0.03855408928573114,0.036240937332242755,0.04207756888034705,0.95,0.001434923484247075
11,hindi,punjabi,0.041970833820220634,0.040033946491639244,0.04466989321780232,0.95,0.0011923829973526263
11,hindi,urdu,0.010411281708005796,0.009249416480487873,0.012544174342480504,0.95,0.0008200340924688207
11,hindi,tamil,0.05887331362767814,0.05642402729571331,0.062150149279425845,0.95,0.0016104747965289337
11,hindi,telugu,0.06526383507395007,0.062292828146801156,0.06896420166605022,0.95,0.0016391794710361534
11,hindi,malayalam,0.07747579414297498,0.07447119247456503,0.08186800217015601,0.95,0.0018760492758153643
11,hindi,kannada,0.07997579531176956,0.07695316527960135,0.08334827935927158,0.95,0.0016582492196585029
11,marathi,bengali,0.009360056192585032,0.008818887622487923,0.010834455039088023,0.95,0.0005661510018375953
11,marathi,gujarati,0.018467620622876362,0.017698260519741014,0.02043228866382718,0.95,0.0006978706566569336
11,marathi,punjabi,0.025277486811854447,0.023703298038278867,0.02738739132933108,0.95,0.000950804620324595
11,marathi,urdu,0.025264981878549125,0.023346656910086715,0.027521955970659717,0.95,0.0010596757468906307
11,marathi,tamil,0.02196103506591318,0.020654014520562865,0.024352706438155645,0.95,0.0010160259596504841
11,marathi,telugu,0.02656818326336567,0.02541047027581179,0.028216891539056738,0.95,0.0007839781902300441
11,marathi,malayalam,0.035262674587668165,0.033370794481468555,0.03800044577092875,0.95,0.0011697572033241748
11,marathi,kannada,0.04046217626514706,0.03870757982548759,0.042928477774602694,0.95,0.0011159818544761364
11,bengali,gujarati,0.008118278340528511,0.007577261886029003,0.010186207072055664,0.95,0.0006197581441057794
11,bengali,punjabi,0.014446665702351797,0.013037317495176162,0.016330983205392054,0.95,0.0008116363896107013
11,bengali,urdu,0.024471938030467925,0.023100123237723005,0.02670849367478239,0.95,0.0009209260182212711
11,bengali,tamil,0.01478713789540688,0.01400901604930002,0.01659353531510755,0.95,0.0006743770518074891
11,bengali,telugu,0.014186859008577805,0.0131713099964223,0.01582825536103476,0.95,0.0006882700153743395
11,bengali,malayalam,0.021910535129029893,0.020155059674617906,0.0239358604512611,0.95,0.0009808620970976202
11,bengali,kannada,0.02479177965655202,0.023391487165688514,0.026857673441306098,0.95,0.0008540357911183977
11,gujarati,punjabi,0.010569971968938925,0.009652075376691494,0.012910367147838425,0.95,0.0008771477158405345
11,gujarati,urdu,0.029779343054086038,0.028446569018340383,0.03229994194435754,0.95,0.0010082555381155773
11,gujarati,tamil,0.01718038090144311,0.01625630407393232,0.019038150347302826,0.95,0.0007465989014570014
11,gujarati,telugu,0.011174265001282583,0.010735166273592438,0.012816814187993953,0.95,0.0005450365579339187
11,gujarati,malayalam,0.017125577504131118,0.01570207411487078,0.01936746655844439,0.95,0.0009012920853378769
11,gujarati,kannada,0.015692852251888285,0.014636700155684752,0.01746881974660312,0.95,0.0007220317287034947
11,punjabi,urdu,0.02976653055055977,0.029134402683973232,0.03160701928945469,0.95,0.0006908021234914306
11,punjabi,tamil,0.017123782629288372,0.01594597938133314,0.01888944883886734,0.95,0.0007853211601681983
11,punjabi,telugu,0.014978125139962965,0.013629896295230372,0.01692709814351251,0.95,0.0008275312114807356
11,punjabi,malayalam,0.019460629662703375,0.01811821755053674,0.02196285226305398,0.95,0.0009031923552712452
11,punjabi,kannada,0.021528001703167224,0.020065905459961304,0.023759130612047784,0.95,0.0009842815469217007
11,urdu,tamil,0.051905856109136284,0.05021804926530989,0.05444136969064611,0.95,0.001117665568934838
11,urdu,telugu,0.05636766921018693,0.054535448968488186,0.059168496635969764,0.95,0.0013027238743810949
11,urdu,malayalam,0.06566067698606765,0.06369057435374768,0.06872491963731654,0.95,0.0013152700979162275
11,urdu,kannada,0.07002690901027961,0.06822264652578035,0.07328533208174402,0.95,0.0013403724132558079
11,tamil,telugu,0.00898328827678123,0.008376089225536943,0.010740067904681497,0.95,0.0006209445145827459
11,tamil,malayalam,0.008343572364185996,0.007707927354171042,0.009815510406082223,0.95,0.0005041844174711964
11,tamil,kannada,0.012796307285345117,0.012096020951062235,0.014266367289169805,0.95,0.0005617336483202424
11,telugu,malayalam,0.00629981669854512,0.005258136057026443,0.008248737347770577,0.95,0.0007326658808447477
11,telugu,kannada,0.006187651404568487,0.005738828817174279,0.007635487030064658,0.95,0.0005408753449207209
11,malayalam,kannada,0.0065610165860838605,0.006133373809020566,0.0077496267549906055,0.95,0.0004735248368976943
12,english,hindi,0.4358120477944777,0.4272808003239205,0.44648618286396086,0.95,0.005224854629688934
12,english,marathi,0.5380440773576238,0.5295686565407928,0.5498361115303125,0.95,0.005466065935527514
12,english,bengali,0.5133573723173934,0.5043085076142023,0.5238338831549131,0.95,0.005162331711225079
12,english,gujarati,0.5489729466405888,0.540672051888153,0.558480933979156,0.95,0.00490489068947729
12,english,punjabi,0.5371716810094366,0.5282669571486351,0.5471805118272812,0.95,0.0051977287690646475
12,english,urdu,0.4668796721541369,0.45813631637117014,0.47657574608012954,0.95,0.004702228796306836
12,english,tamil,0.574660210623856,0.5630179167419005,0.5849471396687146,0.95,0.005519556853583517
12,english,telugu,0.59357277683872,0.5832449464545824,0.6044220558177715,0.95,0.005583692468412865
12,english,malayalam,0.6079899971406062,0.5981536819138539,0.6165009581087394,0.95,0.0047489498033701175
12,english,kannada,0.603718986676072,0.5931399446356538,0.6135122925585504,0.95,0.005145830555614807
12,hindi,marathi,0.015511671120293901,0.0140616306385849,0.017635770456629948,0.95,0.0008851430619945939
12,hindi,bengali,0.010739404508259472,0.009978148804691531,0.012521254838822821,0.95,0.000700394147941864
12,hindi,gujarati,0.020243966377624996,0.01869770725608905,0.02231998847137235,0.95,0.0009552224786521586
12,hindi,punjabi,0.01943011333769432,0.018258586241395484,0.02148378463514935,0.95,0.0008356966523750676
12,hindi,urdu,0.0060497290763900004,0.0055548937956730405,0.007421476415261308,0.95,0.0004587720628142365
12,hindi,tamil,0.030443097909178724,0.028512083661925425,0.03305413941006477,0.95,0.0011595197548116218
12,hindi,telugu,0.03377348295219739,0.031656030508087116,0.036814404209285535,0.95,0.0012840113900665082
12,hindi,malayalam,0.05055314605729243,0.04872921901925356,0.05349533073817564,0.95,0.0012170310312432497
12,hindi,kannada,0.0456311870259719,0.04348692491449982,0.04770200223350881,0.95,0.00110652689024466
12,marathi,bengali,0.005097224912832797,0.004677867666220341,0.0065134202828573086,0.95,0.0004486451615670017
12,marathi,gujarati,0.005746231222884851,0.005474764999656483,0.00691632315848585,0.95,0.000368241303306769
12,marathi,punjabi,0.00866027140006575,0.007966760899855973,0.010291777490994539,0.95,0.0006000236241977027
12,marathi,urdu,0.01324795025657323,0.012147889067937246,0.014988742154867857,0.95,0.0007729652496571892
12,marathi,tamil,0.010541721361028092,0.009708288859004243,0.011793267132386653,0.95,0.0005252627273307273
12,marathi,telugu,0.008744975838175677,0.008216591326966921,0.009695123307117422,0.95,0.00040453050465216327
12,marathi,malayalam,0.023782276178537974,0.022813868486971367,0.025586099941126907,0.95,0.0007541912807894017
12,marathi,kannada,0.018406493431882814,0.017078330584868764,0.020308981302906794,0.95,0.0008109316964863011
12,bengali,gujarati,0.005135520609855345,0.0047743459128066915,0.006084765499635457,0.95,0.0003317372852994453
12,bengali,punjabi,0.007117689708850722,0.006578913136095145,0.008396954858687506,0.95,0.000500317995740686
12,bengali,urdu,0.010038109213030019,0.009317029585742645,0.011435644853615808,0.95,0.0005682804860540703
12,bengali,tamil,0.009861252925044693,0.009368545881422259,0.011260035783872467,0.95,0.0004928518790480689
12,bengali,telugu,0.011323979458707285,0.01051154330962271,0.013043447630796104,0.95,0.0006469000530413409
12,bengali,malayalam,0.022287972220986097,0.021312325397200908,0.023694369319227367,0.95,0.0006315711901270388
12,bengali,kannada,0.018861069542902675,0.01801979843193323,0.020398667060477074,0.95,0.0006030905527487465
12,gujarati,punjabi,0.004051641295364991,0.003719999036878604,0.0052423046547730515,0.95,0.0004153812782651844
12,gujarati,urdu,0.015039837273333944,0.014212779212310617,0.016774227531088363,0.95,0.0007032209865829699
12,gujarati,tamil,0.007675331525105311,0.007149757056550069,0.00885755115129537,0.95,0.00041948516170303024
12,gujarati,telugu,0.006880612510526213,0.006346776266659721,0.008114177515143385,0.95,0.00045582533521398947
12,gujarati,malayalam,0.011676395937257722,0.011167765535994387,0.013056292655561505,0.95,0.00046139833770358294
12,gujarati,kannada,0.009825831245460976,0.00908989217602385,0.011073516012481464,0.95,0.0005302177817443864
12,punjabi,urdu,0.011353696385841248,0.01073220871101414,0.012844694910844461,0.95,0.0005830163538721952
12,punjabi,tamil,0.01034237579142276,0.009541167371021304,0.011682579728037682,0.95,0.0005752862050614955
12,punjabi,telugu,0.011686066182284134,0.010654654847763463,0.013426676942396635,0.95,0.0007538266385082584
12,punjabi,malayalam,0.01646875438241991,0.015262963345996337,0.018062263362466274,0.95,0.0007034427617877137
12,punjabi,kannada,0.015446666930169965,0.014330113310826263,0.017360119177838883,0.95,0.0007377641080237625
12,urdu,tamil,0.023684188882644595,0.022435951191854958,0.025712004565865865,0.95,0.0008647897784366369
12,urdu,telugu,0.0298784875903045,0.028140120934192627,0.03199584954558738,0.95,0.0010428712652665348
12,urdu,malayalam,0.04206011291189923,0.04045420513010644,0.04412575986496153,0.95,0.0009344237514556088
12,urdu,kannada,0.03829608188008379,0.03670870481799878,0.0403855719117248,0.95,0.000999232763892915
12,tamil,telugu,0.005877578622359771,0.005417869873421548,0.006990723185580824,0.95,0.00041609146008766523
12,tamil,malayalam,0.009709126462831107,0.009184680373854394,0.010882415213034529,0.95,0.0004345789037257145
12,tamil,kannada,0.006346184704696268,0.005943273278660722,0.00739222248959211,0.95,0.00037916222197006895
12,telugu,malayalam,0.009904164659257935,0.00904611432226869,0.011649794161042787,0.95,0.0006297474803724454
12,telugu,kannada,0.0061337253185038115,0.005401336555455969,0.007612888456808854,0.95,0.0006337035957038647
12,malayalam,kannada,0.0035528301346882626,0.0033047559088078653,0.004561681227103033,0.95,0.0003053694602228775
13,english,hindi,0.4458030308028647,0.43672536363901465,0.455314386743592,0.95,0.005089118648249801
13,english,marathi,0.5365773839051057,0.5251309121280163,0.5475208934877884,0.95,0.005643821197675052
13,english,bengali,0.5232192578422352,0.5137108862130987,0.5342514941551891,0.95,0.005389949674144479
13,english,gujarati,0.5407636177098104,0.5306662471685007,0.5507015038454566,0.95,0.005131957341212131
13,english,punjabi,0.5388037671662573,0.5279545675526145,0.5495559424681828,0.95,0.005582205026746054
13,english,urdu,0.48616556441695175,0.4764783671136393,0.49740646725192456,0.95,0.005422120538726825
13,english,tamil,0.5572521969885232,0.5467808964123465,0.567384170369357,0.95,0.005089678837558288
13,english,telugu,0.5689816407031243,0.5555849463694972,0.5804115377709308,0.95,0.00628496886173799
13,english,malayalam,0.5765868179922383,0.5671023204218859,0.5868368530328251,0.95,0.00523528984053422
13,english,kannada,0.5763249011993895,0.5662621625562775,0.5899742617691285,0.95,0.0059047336556059
13,hindi,marathi,0.01937299667691764,0.018558033985230156,0.02100521458377449,0.95,0.0006572149354181374
13,hindi,bengali,0.014631396244781315,0.013744883070079482,0.01631361318279257,0.95,0.0006809904465976195
13,hindi,gujarati,0.0222420200610443,0.02090095026534465,0.02436606450534364,0.95,0.0009150378011639464
13,hindi,punjabi,0.022392493286407498,0.021243397508487406,0.02437327137103885,0.95,0.0007671265395002954
13,hindi,urdu,0.008998971216054667,0.008343772860357665,0.010486503226707676,0.95,0.0005802588105956453
13,hindi,tamil,0.042108796766277344,0.04049837258025756,0.04430046076833058,0.95,0.0010422682258603051
13,hindi,telugu,0.0336880508301672,0.03247023805489723,0.035990361055678655,0.95,0.0010053562585095573
13,hindi,malayalam,0.05093175223074391,0.04898052920751306,0.05401244498197479,0.95,0.0013476170453082022
13,hindi,kannada,0.0458633128716667,0.04408524357276921,0.04818036877204828,0.95,0.0011346858921687274
13,marathi,bengali,0.008360959385170258,0.008046712055258774,0.009706974227877842,0.95,0.00045386186788578826
13,marathi,gujarati,0.007033777832708088,0.006688304875327637,0.008597547522052608,0.95,0.0005255942389721913
13,marathi,punjabi,0.012852736697343112,0.012421249680123841,0.014168985796445174,0.95,0.0004662384006052706
13,marathi,urdu,0.018430699808319368,0.017531604437557358,0.019899355726251046,0.95,0.0006271238684789995
13,marathi,tamil,0.02624009001272836,0.0245830823457989,0.028222243802235883,0.95,0.0009470860560376195
13,marathi,telugu,0.015013883471941424,0.01408933106651759,0.016744455230507042,0.95,0.0006345174903122209
13,marathi,malayalam,0.030191005402606993,0.028387467008957255,0.03293513530776457,0.95,0.0011104453933428473
13,marathi,kannada,0.021306347880892182,0.019918673283839467,0.02366490495910076,0.95,0.0009688988652993008
13,bengali,gujarati,0.004845797551997114,0.004389395220176828,0.006099438589853868,0.95,0.0004604134841666799
13,bengali,punjabi,0.009320761606527178,0.008716935188124834,0.010743517844377383,0.95,0.0005470078009554194
13,bengali,urdu,0.013684515130473357,0.012763645212299793,0.015775204907971782,0.95,0.0007876125024486118
13,bengali,tamil,0.016465777311607175,0.015552597703337239,0.018439693931907877,0.95,0.0007531018348987353
13,bengali,telugu,0.008821769684569492,0.008275697674980933,0.010327880882352645,0.95,0.0005660868976488627
13,bengali,malayalam,0.020064997897353942,0.018303500862218235,0.023007591583614016,0.95,0.0011583354597483422
13,bengali,kannada,0.016321959809838377,0.01520391936985008,0.018599517242262983,0.95,0.0008442964367446771
13,gujarati,punjabi,0.009123841779545998,0.00874544141552091,0.010900272557853212,0.95,0.0005707851927220453
13,gujarati,urdu,0.018549572954876414,0.01735814192295933,0.020564310739298795,0.95,0.000758777332533515
13,gujarati,tamil,0.020043300630010696,0.018728849497697757,0.02201702259879244,0.95,0.0008556762574757438
13,gujarati,telugu,0.008719526770292668,0.008333649131876016,0.009778987602914267,0.95,0.0003820467481867015
13,gujarati,malayalam,0.01908079105003887,0.017700547355280472,0.021760114422523895,0.95,0.0010598508011001142
13,gujarati,kannada,0.011879650789032428,0.01111484073804444,0.013647770241463946,0.95,0.0006734334219764147
13,punjabi,urdu,0.014703742900827951,0.014106682436798378,0.01644575647860649,0.95,0.000577988968594671
13,punjabi,tamil,0.026031515036106588,0.024908605005662315,0.028184527472059653,0.95,0.0008290101574429992
13,punjabi,telugu,0.015271966681613017,0.01450821797217352,0.01710898310468045,0.95,0.000705451263876295
13,punjabi,malayalam,0.026189722193023745,0.02433217044309423,0.028582593220568976,0.95,0.0011027666825233447
13,punjabi,kannada,0.018533067907440352,0.017396662326366205,0.020569916372765937,0.95,0.0007993115685072396
13,urdu,tamil,0.03656733157208242,0.03532304766327389,0.038693135494565094,0.95,0.0008938205282718272
13,urdu,telugu,0.027366986956574024,0.0260683373762101,0.02940992449944284,0.95,0.0008811868766513835
13,urdu,malayalam,0.04375519719883757,0.041538841168051815,0.046501635973821245,0.95,0.0013236574180006833
13,urdu,kannada,0.040787478970959384,0.03881661930803515,0.04297321315111087,0.95,0.0010208604279567418
13,tamil,telugu,0.00953658373294565,0.008756946038007841,0.01100866650056968,0.95,0.0005679846390522747
13,tamil,malayalam,0.007277257678630764,0.0067283706387600214,0.008459100711774442,0.95,0.0004507679193782961
13,tamil,kannada,0.012810904241824362,0.011983121359632162,0.014096674745652588,0.95,0.0005451168843351506
13,telugu,malayalam,0.010619323248799713,0.009482071636368071,0.012704769313410554,0.95,0.0008617216443732854
13,telugu,kannada,0.006509314032599765,0.006028809969945085,0.007849579849489417,0.95,0.00046726468347171597
13,malayalam,kannada,0.011307407780211977,0.010244147736160164,0.013329119086404006,0.95,0.0007694073499863881
14,english,hindi,0.5949424735996492,0.5849279440842937,0.6044138613393517,0.95,0.005171257025362157
14,english,marathi,0.6457199588778422,0.6346734285407881,0.6567333085345606,0.95,0.00568348670421616
14,english,bengali,0.6282138072493805,0.6170769159441968,0.6387213158382294,0.95,0.00549037632933146
14,english,gujarati,0.6324924678556321,0.6226661908084496,0.6441041449329479,0.95,0.005509695265474539
14,english,punjabi,0.6241395443236957,0.6148346487026347,0.6354743742716877,0.95,0.0055107224617360505
14,english,urdu,0.6231379485598767,0.6140726280292673,0.6345587977742881,0.95,0.005447764894936305
14,english,tamil,0.6535297771394972,0.6426712710762756,0.6633215932248313,0.95,0.005536476367449882
14,english,telugu,0.6428741568829544,0.6321266178969547,0.6539810056096605,0.95,0.005074593348618976
14,english,malayalam,0.6611566962056548,0.6507617363107233,0.6719223001986653,0.95,0.00517943532728113
14,english,kannada,0.652636674120007,0.64244345612406,0.6623199361605501,0.95,0.005160219091204917
14,hindi,marathi,0.007778472560449206,0.007176273924066729,0.008880536224846677,0.95,0.0004757846448993207
14,hindi,bengali,0.007803291128716643,0.0072936654194320685,0.008756697798881512,0.95,0.00038742141604851084
14,hindi,gujarati,0.013656006208409779,0.012888188867456199,0.014863186547296863,0.95,0.0005546305819967222
14,hindi,punjabi,0.015376006703318658,0.014705356495404102,0.016470153052100662,0.95,0.000474599079228733
14,hindi,urdu,0.00814481260220821,0.007453855543267526,0.009259511402057566,0.95,0.0004537833741350775
14,hindi,tamil,0.019395947460553006,0.018572051952681166,0.020840336431240673,0.95,0.0006021712901646708
14,hindi,telugu,0.01316385421262888,0.012487897626236892,0.014408651140260536,0.95,0.0005057517186225454
14,hindi,malayalam,0.022609541441536676,0.021510257710261722,0.024221089452510947,0.95,0.0007149820667404193
14,hindi,kannada,0.024885389953206414,0.02373022447471855,0.026616970466282378,0.95,0.0007000873231635211
14,marathi,bengali,0.006284665292956973,0.005852646155776702,0.0072013899761011165,0.95,0.00035245560050784
14,marathi,gujarati,0.009503425311273229,0.00895819827300501,0.010598832714602168,0.95,0.0004144882520497694
14,marathi,punjabi,0.01602967234321662,0.01525357323347075,0.017233275981980205,0.95,0.0005059441329810069
14,marathi,urdu,0.014928009362859459,0.014199030017947341,0.016240275759620434,0.95,0.0005347442342634968
14,marathi,tamil,0.012115347198876773,0.011407820842377993,0.013276927141613546,0.95,0.0005226003518766662
14,marathi,telugu,0.006219850122616284,0.00588890872653763,0.007012492818536161,0.95,0.00029527963208546114
14,marathi,malayalam,0.012117295132346335,0.01147208609677015,0.013137818990156917,0.95,0.0004357942227096131
14,marathi,kannada,0.01567766935889146,0.01494025787834896,0.01704953242188743,0.95,0.0005573174917924928
14,bengali,gujarati,0.004912644060099536,0.004639542097499753,0.005968963560815536,0.95,0.0003715890908869755
14,bengali,punjabi,0.010758368901110583,0.010366879857131918,0.012009842878536972,0.95,0.00043144964696981933
14,bengali,urdu,0.013027841485811334,0.012441744870303311,0.014225536048804428,0.95,0.0005140871567624294
14,bengali,tamil,0.005794880520464143,0.0053075746257190935,0.006829979965046508,0.95,0.0004032699217065651
14,bengali,telugu,0.0030985224761255195,0.0028405555131385657,0.0039036008144914635,0.95,0.0002861315765197761
14,bengali,malayalam,0.0071766112907571565,0.00658186724279212,0.008168281136348413,0.95,0.00046242599757662594
14,bengali,kannada,0.009417445906905499,0.008945714393699391,0.010411581068637555,0.95,0.0003766577433275048
14,gujarati,punjabi,0.007510261709092251,0.00715010415106736,0.00852000459000755,0.95,0.0003977509278476107
14,gujarati,urdu,0.015598857777929645,0.014813433988761062,0.0170139243908887,0.95,0.0005779736493329821
14,gujarati,tamil,0.010614553640772703,0.009941333956808318,0.011727887275452669,0.95,0.0004780189119123916
14,gujarati,telugu,0.004751000016056102,0.00422121699652944,0.005883746537428715,0.95,0.00044528117151454335
14,gujarati,malayalam,0.005973599740925172,0.005511820894793933,0.007044172477604693,0.95,0.0003925468390787256
14,gujarati,kannada,0.008197297804163573,0.007402428067777348,0.009413670775402394,0.95,0.0005111711078771221
14,punjabi,urdu,0.014415218074921526,0.013859867028989305,0.01535634216643466,0.95,0.00040151733388814635
14,punjabi,tamil,0.018698656320997348,0.017716849071474094,0.02010398902469464,0.95,0.0005983366735483041
14,punjabi,telugu,0.01213831476958169,0.011370440965004025,0.013381141990141147,0.95,0.0005394132892005423
14,punjabi,malayalam,0.01686764443764799,0.015855194949845216,0.018193504043690942,0.95,0.0005596543666854477
14,punjabi,kannada,0.018118143608065577,0.017062571294844713,0.0197976594155099,0.95,0.0006809057327583051
14,urdu,tamil,0.026339551425490937,0.024989372434127896,0.027975187836450793,0.95,0.000737187423890001
14,urdu,telugu,0.0170905570959965,0.016130464138675343,0.018485623443263297,0.95,0.000598719384525476
14,urdu,malayalam,0.023890265689903028,0.022714883469858844,0.025351376327481145,0.95,0.000686884084837126
14,urdu,kannada,0.025715659082199725,0.024370516085618837,0.02751096108062072,0.95,0.0008494658952553167
14,tamil,telugu,0.007172217143577936,0.00659676142744306,0.00846612214881704,0.95,0.0005208586813761636
14,tamil,malayalam,0.008117745615955494,0.007337943387035637,0.00953671734442496,0.95,0.0005558589223622168
14,tamil,kannada,0.00907550296792483,0.008560468557277755,0.010060995695401488,0.95,0.00038045169257060294
14,telugu,malayalam,0.0043163262718219336,0.0038619717106723075,0.005127242753351068,0.95,0.0003276221274233151
14,telugu,kannada,0.006847155535957364,0.006217050322485173,0.007979824382725728,0.95,0.0004393380620700323
14,malayalam,kannada,0.006491937247943796,0.005862683655762357,0.007604489589636907,0.95,0.00045430739079756953
15,english,hindi,0.6470164419365234,0.6377601748046279,0.657457099123922,0.95,0.004953015625462098
15,english,marathi,0.6632422375427822,0.653917973294533,0.6736267821654525,0.95,0.005065623843950695
15,english,bengali,0.6594038944780797,0.6493405968926709,0.6704925844194477,0.95,0.0051982162665343305
15,english,gujarati,0.6587415364762442,0.6485065529826233,0.6669228425001094,0.95,0.004830644871889428
15,english,punjabi,0.6478228216441164,0.6391544264296051,0.6586325765072533,0.95,0.00526992026941531
15,english,urdu,0.6643376170596513,0.6550479673559094,0.674102880815434,0.95,0.005019749100132946
15,english,tamil,0.6660687600560316,0.6580995894563612,0.6743460288191876,0.95,0.004423055153505597
15,english,telugu,0.664552495184047,0.6554747375984206,0.6745544135570021,0.95,0.005098087122660095
15,english,malayalam,0.6614200799727621,0.6526985518741704,0.6713618561582804,0.95,0.004541819971523703
15,english,kannada,0.658894976581947,0.6492405044393059,0.6679138511168049,0.95,0.004888451526950876
15,hindi,marathi,0.006372115783424427,0.005716067666088673,0.007456393483362278,0.95,0.00047567086063959125
15,hindi,bengali,0.013826515355002972,0.012847106718745827,0.015169264888909111,0.95,0.0005706840056227726
15,hindi,gujarati,0.01484742086899261,0.014224473873454413,0.01578630292872232,0.95,0.00043971764164112473
15,hindi,punjabi,0.01090160073620449,0.01030034870496573,0.011955616595858292,0.95,0.0004429363712427086
15,hindi,urdu,0.005797523527753391,0.005468513613709704,0.006564062548198957,0.95,0.00027066564076680215
15,hindi,tamil,0.0342943902677965,0.03306756326708364,0.03625159806024687,0.95,0.0008462842957505224
15,hindi,telugu,0.021327543685566157,0.020333420625860847,0.02263968046291034,0.95,0.0006040822855839312
15,hindi,malayalam,0.03297592780246636,0.03144187175684644,0.03490171411637024,0.95,0.0009694171266520705
15,hindi,kannada,0.03022282106477244,0.029241114893522074,0.031926131918590686,0.95,0.0007042442450249511
15,marathi,bengali,0.008473806484600836,0.008081757653909711,0.009260188186595767,0.95,0.0003198068241484374
15,marathi,gujarati,0.01204330800373083,0.011205160546142259,0.013283973556877306,0.95,0.0005117131667669581
15,marathi,punjabi,0.017220544966024,0.015966952936368548,0.01911576376943284,0.95,0.0007890442904083668
15,marathi,urdu,0.00814046197773622,0.0075451465712032696,0.009066835761342897,0.95,0.00040533500737674315
15,marathi,tamil,0.02488572547436798,0.023217779994421463,0.026681333722792053,0.95,0.0008775689576007281
15,marathi,telugu,0.0124114255719478,0.011843850853775548,0.013280048856536525,0.95,0.00035721798049268705
15,marathi,malayalam,0.022083096370911794,0.020709986347484232,0.024077043634061816,0.95,0.000844582741684884
15,marathi,kannada,0.02023142159950561,0.019436844277144046,0.021376646449914542,0.95,0.0005237984869294017
15,bengali,gujarati,0.004381010663354521,0.0037658965032537723,0.0052983852671331854,0.95,0.0003958964362649164
15,bengali,punjabi,0.010693392378329687,0.009730319956343285,0.012116984983503595,0.95,0.0006896813462976936
15,bengali,urdu,0.012736587468943716,0.012006955505162422,0.013734518651753395,0.95,0.0004458028486376648
15,bengali,tamil,0.012239081741041902,0.01096140756196231,0.013832057151860639,0.95,0.0007418898573113481
15,bengali,telugu,0.004362052195290944,0.004037317959402712,0.0050514355235494,0.95,0.0002751998851085402
15,bengali,malayalam,0.0102308133838776,0.009231571417782945,0.011556964800986197,0.95,0.0006231612376254904
15,bengali,kannada,0.008889740852097996,0.008291341129669793,0.009962136826908488,0.95,0.00042483861049183224
15,gujarati,punjabi,0.009823638262114492,0.009090003750487933,0.011100419560602526,0.95,0.00046876968469759914
15,gujarati,urdu,0.01358664746559349,0.01302130945006462,0.01438305648001072,0.95,0.000343044220519747
15,gujarati,tamil,0.01333249310420505,0.0125043805001902,0.014563386593266376,0.95,0.0005610493951869976
15,gujarati,telugu,0.004922996143242023,0.0045573904339840515,0.005692179185829122,0.95,0.00030676597202267575
15,gujarati,malayalam,0.00927216032366404,0.008547980294995627,0.010434650165944274,0.95,0.0004968164416926154
15,gujarati,kannada,0.008016391918220992,0.007489966599577529,0.009081804285767266,0.95,0.0004212078330301612
15,punjabi,urdu,0.013732242959144329,0.01291110272709876,0.014742433192702227,0.95,0.0004726524872700258
15,punjabi,tamil,0.01995136128743044,0.01894985956813778,0.02154700190102172,0.95,0.0006637178647381955
15,punjabi,telugu,0.017691675282429816,0.01660158465183745,0.01917207963845695,0.95,0.0006939531012652427
15,punjabi,malayalam,0.022506342779943376,0.02132944844963647,0.0241605862168078,0.95,0.0007568306456620976
15,punjabi,kannada,0.021683082127016553,0.020550211119598386,0.023630744174501835,0.95,0.0007576480336434373
15,urdu,tamil,0.029381723114529298,0.028159802969295232,0.03102598358259744,0.95,0.0007053589898312026
15,urdu,telugu,0.01821237128160473,0.017532339275721794,0.01912010215537031,0.95,0.0003949683974994694
15,urdu,malayalam,0.028796126561159836,0.027900055119042276,0.030360457165582003,0.95,0.0006582911107384775
15,urdu,kannada,0.028419701576942222,0.02753693289710006,0.029838979214481396,0.95,0.0005616218785717008
15,tamil,telugu,0.009872389944791244,0.00890518053983092,0.011268312787466667,0.95,0.000622450560532258
15,tamil,malayalam,0.0053873024909838725,0.00492905149624219,0.006359842461624835,0.95,0.0003622650344303868
15,tamil,kannada,0.0115978145713198,0.010471599931286267,0.013167346564776474,0.95,0.0007002204350387266
15,telugu,malayalam,0.007247674273382314,0.006577944550244467,0.00834727965016601,0.95,0.00047414827029783997
15,telugu,kannada,0.00804146641753051,0.007587222941074537,0.00895764332930495,0.95,0.00035498137454021317
15,malayalam,kannada,0.005264640638128431,0.004833480714168973,0.00614352939268707,0.95,0.00036335167682840765
